ID,Modelo,URL,Ratio,Area_cm2,Resolução,Tamanho,PPI,Status,Extraído_em
3,"Galaxy A02",https://www.gsmarena.com/samsung_galaxy_a02-10708.php,20:9,102.01,720x1600,6.5",N/A,SUCCESS,2025-12-14 23:47:29
4,"Galaxy A02s",https://www.gsmarena.com/samsung_galaxy_a02s-10603.php,20:9,102.01,720x1600,6.5",N/A,SUCCESS,2025-12-14 23:48:30
5,"Galaxy A03",https://www.gsmarena.com/samsung_galaxy_a03-11244.php,20:9,102.01,720x1600,6.5",N/A,SUCCESS,2025-12-14 23:49:31
6,"Galaxy A03 Core",https://www.gsmarena.com/samsung_galaxy_a03_core-11215.php,20:9,102.01,720x1600,6.5",N/A,SUCCESS,2025-12-14 23:50:32
7,"Galaxy A03s",https://www.gsmarena.com/samsung_galaxy_a03s-10937.php,20:9,102.01,720x1600,6.5",N/A,SUCCESS,2025-12-14 23:51:34
8,"Galaxy A04",https://www.gsmarena.com/samsung_galaxy_a04-11817.php,20:9,102.01,720x1600,6.5",N/A,SUCCESS,2025-12-14 23:52:35
9,"Galaxy A04e",https://www.gsmarena.com/samsung_galaxy_a04e-11945.php,20:9,102.01,720x1600,6.5",N/A,SUCCESS,2025-12-14 23:53:36
10,"Galaxy A04s",https://www.gsmarena.com/samsung_galaxy_a04s-11803.php,20:9,102.01,720x1600,6.5",N/A,SUCCESS,2025-12-14 23:54:37
11,"Galaxy A05",https://www.gsmarena.com/samsung_galaxy_a05-12583.php,20:9,108.38,720x1600,6.7",N/A,SUCCESS,2025-12-14 23:55:38
12,"Galaxy A05s",https://www.gsmarena.com/samsung_galaxy_a05s-12584.php,20:9,108.38,1080x2400,6.7",N/A,SUCCESS,2025-12-14 23:56:40
13,"Galaxy A06",https://www.gsmarena.com/samsung_galaxy_a06-13265.php,20:9,108.38,720x1600,6.7",N/A,SUCCESS,2025-12-14 23:57:41
14,"Galaxy A06 5G",https://www.gsmarena.com/samsung_galaxy_a06_5g-13662.php,20:9,108.38,720x1600,6.7",N/A,SUCCESS,2025-12-14 23:58:42
15,"Galaxy A07 4G",https://www.gsmarena.com/samsung_galaxy_a07-14066.php,20:9,108.38,720x1600,6.7",N/A,SUCCESS,2025-12-14 23:59:43
16,"Galaxy A10",https://www.gsmarena.com/samsung_galaxy_a10-9580.php,19:9,95.95,720x1520,6.2",N/A,SUCCESS,2025-12-15 00:00:44
17,"Galaxy A10e",https://www.gsmarena.com/samsung_galaxy_a10e-9790.php,19.5:9,83.43,720x1560,5.83",N/A,SUCCESS,2025-12-15 00:01:45
18,"Galaxy A10s",https://www.gsmarena.com/samsung_galaxy_a10s-9793.php,19:9,95.95,720x1520,6.2",N/A,SUCCESS,2025-12-15 00:02:46
19,"Galaxy A11",https://www.gsmarena.com/samsung_galaxy_a11-10132.php,19.5:9,100.55,720x1560,6.4",N/A,SUCCESS,2025-12-15 00:03:48
20,"Galaxy A12",https://www.gsmarena.com/samsung_galaxy_a12-10604.php,20:9,102.01,720x1600,6.5",N/A,SUCCESS,2025-12-15 00:04:49
21,"Galaxy A12 (India)",https://www.gsmarena.com/samsung_galaxy_a12_(india)-11087.php,20:9,102.01,720x1600,6.5",N/A,SUCCESS,2025-12-15 00:05:50
22,"Galaxy A12 Nacho",https://www.gsmarena.com/samsung_galaxy_a12_nacho-11041.php,20:9,102.01,720x1600,6.5",N/A,SUCCESS,2025-12-15 00:06:51
23,"Galaxy A13",https://www.gsmarena.com/samsung_galaxy_a13-11402.php,20:9,105.17,1080x2408,6.6",N/A,SUCCESS,2025-12-15 00:07:52
24,"Galaxy A13 (SM-A137)",https://www.gsmarena.com/samsung_galaxy_a13_(sm_a137)-11665.php,20:9,105.17,1080x2408,6.6",N/A,SUCCESS,2025-12-15 00:08:53
25,"Galaxy A13 5G",https://www.gsmarena.com/samsung_galaxy_a13_5g-11149.php,20:9,102.01,720x1600,6.5",N/A,SUCCESS,2025-12-15 00:09:55
26,"Galaxy A14",https://www.gsmarena.com/samsung_galaxy_a14-12151.php,20:9,105.17,1080x2408,6.6",N/A,SUCCESS,2025-12-15 00:10:56
27,"Galaxy A14 5G",https://www.gsmarena.com/samsung_galaxy_a14_5g-12004.php,20:9,105.17,1080x2408,6.6",N/A,SUCCESS,2025-12-15 00:11:57
28,"Galaxy A15",https://www.gsmarena.com/samsung_galaxy_a15-12637.php,19.5:9,103.71,1080x2340,6.5",N/A,SUCCESS,2025-12-15 00:12:58
29,"Galaxy A15 5G",https://www.gsmarena.com/samsung_galaxy_a15_5g-12638.php,19.5:9,103.71,1080x2340,6.5",N/A,SUCCESS,2025-12-15 00:14:00
30,"Galaxy A16",https://www.gsmarena.com/samsung_galaxy_a16-13383.php,19.5:9,110.19,1080x2340,6.7",N/A,SUCCESS,2025-12-15 00:15:01
31,"Galaxy A16 5G",https://www.gsmarena.com/samsung_galaxy_a16_5g-13346.php,19.5:9,110.19,1080x2340,6.7",N/A,SUCCESS,2025-12-15 00:16:02
32,"Galaxy A17 4G",https://www.gsmarena.com/samsung_galaxy_a17-14157.php,19.5:9,110.19,1080x2340,6.7",N/A,SUCCESS,2025-12-15 00:17:03
33,"Galaxy A17",https://www.gsmarena.com/samsung_galaxy_a17_5g-14041.php,19.5:9,110.19,1080x2340,6.7",N/A,SUCCESS,2025-12-15 00:18:05
34,"Galaxy A20",https://www.gsmarena.com/samsung_galaxy_a20-9640.php,19.5:9,100.55,720x1560,6.4",N/A,SUCCESS,2025-12-15 00:19:06
35,"Galaxy A20e",https://www.gsmarena.com/samsung_galaxy_a20e-9661.php,19.5:9,82.58,720x1560,5.8",N/A,SUCCESS,2025-12-15 00:20:07
36,"Galaxy A20s",https://www.gsmarena.com/samsung_galaxy_a20s-9852.php,19.5:9,103.71,720x1560,6.5",N/A,SUCCESS,2025-12-15 00:21:08
37,"Galaxy A21",https://www.gsmarena.com/samsung_galaxy_a21-10172.php,20:9,102.01,720x1600,6.5",N/A,SUCCESS,2025-12-15 00:22:10
38,"Galaxy A21s",https://www.gsmarena.com/samsung_galaxy_a21s-10239.php,20:9,102.01,720x1600,6.5",N/A,SUCCESS,2025-12-15 00:23:11
39,"Galaxy A22",https://www.gsmarena.com/samsung_galaxy_a22-10948.php,20:9,98.89,720x1600,6.4",N/A,SUCCESS,2025-12-15 00:24:12
40,"Galaxy A22 5G",https://www.gsmarena.com/samsung_galaxy_a22_5g-10873.php,20:9,105.17,1080x2400,6.6",N/A,SUCCESS,2025-12-15 00:25:13
41,"Galaxy A23",https://www.gsmarena.com/samsung_galaxy_a23-11373.php,20:9,105.17,1080x2408,6.6",N/A,SUCCESS,2025-12-15 00:26:15
42,"Galaxy A23 5G",https://www.gsmarena.com/samsung_galaxy_a23_5g-11736.php,20:9,105.17,1080x2408,6.6",N/A,SUCCESS,2025-12-15 00:27:16
43,"Galaxy A24 4G",https://www.gsmarena.com/samsung_galaxy_a24_4g-12176.php,19.5:9,103.71,1080x2340,6.5",N/A,SUCCESS,2025-12-15 00:28:17
44,"Galaxy A25",https://www.gsmarena.com/samsung_galaxy_a25-12555.php,19.5:9,103.71,1080x2340,6.5",N/A,SUCCESS,2025-12-15 00:29:18
45,"Galaxy A26",https://www.gsmarena.com/samsung_galaxy_a26-13679.php,19.5:9,110.19,1080x2340,6.7",N/A,SUCCESS,2025-12-15 00:30:20
46,"Galaxy A2 Core",https://www.gsmarena.com/samsung_galaxy_a2_core-9636.php,16:9,68.92,540x960,5.0",N/A,SUCCESS,2025-12-15 00:31:22
47,"Galaxy A3",https://www.gsmarena.com/samsung_galaxy_a3-6762.php,16:9,55.82,540x960,4.5",N/A,SUCCESS,2025-12-15 00:32:26
48,"Galaxy A30",https://www.gsmarena.com/samsung_galaxy_a30-9579.php,19.5:9,100.55,1080x2340,6.4",N/A,SUCCESS,2025-12-15 00:33:28
49,"Galaxy A30s",https://www.gsmarena.com/samsung_galaxy_a30s-9796.php,19.5:9,100.55,720x1560,6.4",N/A,SUCCESS,2025-12-15 00:34:30
50,"Galaxy A31",https://www.gsmarena.com/samsung_galaxy_a31-10149.php,20:9,98.89,1080x2400,6.4",N/A,SUCCESS,2025-12-15 00:35:32
51,"Galaxy A32",https://www.gsmarena.com/samsung_galaxy_a32-10753.php,20:9,98.89,1080x2400,6.4",N/A,SUCCESS,2025-12-15 00:36:34
52,"Galaxy A32 5G",https://www.gsmarena.com/samsung_galaxy_a32_5g-10648.php,20:9,102.01,720x1600,6.5",N/A,SUCCESS,2025-12-15 00:37:36
53,"Galaxy A33 5G",https://www.gsmarena.com/samsung_galaxy_a33_5g-11429.php,20:9,98.89,1080x2400,6.4",N/A,SUCCESS,2025-12-15 00:38:37
54,"Galaxy A34",https://www.gsmarena.com/samsung_galaxy_a34-12074.php,19.5:9,106.93,1080x2340,6.6",N/A,SUCCESS,2025-12-15 00:39:39
55,"Galaxy A35",https://www.gsmarena.com/samsung_galaxy_a35-12705.php,19.5:9,106.93,1080x2340,6.6",N/A,SUCCESS,2025-12-15 00:40:40
56,"Galaxy A36",https://www.gsmarena.com/samsung_galaxy_a36-13497.php,19.5:9,110.19,1080x2340,6.7",N/A,SUCCESS,2025-12-15 00:41:42
57,"Galaxy A3 (2016)",https://www.gsmarena.com/samsung_galaxy_a3_(2016)-7791.php,16:9,60.90,720x1280,4.7",N/A,SUCCESS,2025-12-15 00:42:44
58,"Galaxy A3 (2017)",https://www.gsmarena.com/samsung_galaxy_a3_(2017)-8336.php,16:9,60.90,720x1280,4.7",N/A,SUCCESS,2025-12-15 00:43:45
59,"Galaxy A3 Duos",https://www.gsmarena.com/samsung_galaxy_a3_duos-6803.php,16:9,55.82,540x960,4.5",N/A,SUCCESS,2025-12-15 00:44:47
60,"Galaxy A40",https://www.gsmarena.com/samsung_galaxy_a40-9642.php,19.5:9,85.45,1080x2340,5.9",N/A,SUCCESS,2025-12-15 00:45:48
61,"Galaxy A41",https://www.gsmarena.com/samsung_galaxy_a41-10138.php,20:9,89.84,1080x2400,6.1",N/A,SUCCESS,2025-12-15 00:46:49
62,"Galaxy A42 5G",https://www.gsmarena.com/samsung_galaxy_a42_5g-10412.php,20:9,105.17,720x1600,6.6",N/A,SUCCESS,2025-12-15 00:47:51
63,"Galaxy A5",https://www.gsmarena.com/samsung_galaxy_a5-6761.php,16:9,68.92,720x1280,5.0",N/A,SUCCESS,2025-12-15 00:48:52
64,"Galaxy A50",https://www.gsmarena.com/samsung_galaxy_a50-9554.php,19.5:9,100.55,1080x2340,6.4",N/A,SUCCESS,2025-12-15 00:49:54
65,"Galaxy A50s",https://www.gsmarena.com/samsung_galaxy_a50s-9806.php,19.5:9,100.55,1080x2340,6.4",N/A,SUCCESS,2025-12-15 00:50:55
66,"Galaxy A51",https://www.gsmarena.com/samsung_galaxy_a51-9963.php,20:9,102.01,1080x2400,6.5",N/A,SUCCESS,2025-12-15 00:51:57
67,"Galaxy A51 5G",https://www.gsmarena.com/samsung_galaxy_a51_5g-10157.php,20:9,102.01,1080x2400,6.5",N/A,SUCCESS,2025-12-15 00:52:58
68,"Galaxy A51 5G UW",https://www.gsmarena.com/samsung_galaxy_a51_5g_uw-10371.php,20:9,102.01,1080x2400,6.5",N/A,SUCCESS,2025-12-15 00:54:00
69,"Galaxy A52",https://www.gsmarena.com/samsung_galaxy_a52-10641.php,20:9,102.01,1080x2400,6.5",N/A,SUCCESS,2025-12-15 00:55:01
70,"Galaxy A52 5G",https://www.gsmarena.com/samsung_galaxy_a52_5g-10631.php,20:9,102.01,1080x2400,6.5",N/A,SUCCESS,2025-12-15 00:56:03
71,"Galaxy A52s 5G",https://www.gsmarena.com/samsung_galaxy_a52s_5g-11039.php,20:9,102.01,1080x2400,6.5",N/A,SUCCESS,2025-12-15 00:57:04
72,"Galaxy A53 5G",https://www.gsmarena.com/samsung_galaxy_a53_5g-11268.php,20:9,102.01,1080x2400,6.5",N/A,SUCCESS,2025-12-15 00:58:06
73,"Galaxy A54",https://www.gsmarena.com/samsung_galaxy_a54-12070.php,19.5:9,100.55,1080x2340,6.4",N/A,SUCCESS,2025-12-15 00:59:08
74,"Galaxy A55",https://www.gsmarena.com/samsung_galaxy_a55-12824.php,19.5:9,106.93,1080x2340,6.6",N/A,SUCCESS,2025-12-15 01:00:09
75,"Galaxy A56",https://www.gsmarena.com/samsung_galaxy_a56-13603.php,19.5:9,110.19,1080x2340,6.7",N/A,SUCCESS,2025-12-15 01:01:11
76,"Galaxy A5 (2016)",https://www.gsmarena.com/samsung_galaxy_a5_(2016)-7789.php,16:9,74.54,1080x1920,5.2",N/A,SUCCESS,2025-12-15 01:02:13
77,"Galaxy A5 (2017)",https://www.gsmarena.com/samsung_galaxy_a5_(2017)-8494.php,16:9,74.54,1080x1920,5.2",N/A,SUCCESS,2025-12-15 01:03:14
78,"Galaxy A5 Duos",https://www.gsmarena.com/samsung_galaxy_a5_duos-6802.php,16:9,68.92,720x1280,5.0",N/A,SUCCESS,2025-12-15 01:04:16
79,"Galaxy A6+ (2018)",https://www.gsmarena.com/samsung_galaxy_a6+_(2018)-9156.php,18.5:9,91.37,1080x2220,6.0",N/A,SUCCESS,2025-12-15 01:05:17
80,"Galaxy A60",https://www.gsmarena.com/samsung_galaxy_a60-9616.php,19.5:9,97.43,1080x2340,6.3",N/A,SUCCESS,2025-12-15 01:06:19
81,"Galaxy A6 (2018)",https://www.gsmarena.com/samsung_galaxy_a6_(2018)-9155.php,18.5:9,79.59,720x1480,5.6",N/A,SUCCESS,2025-12-15 01:07:20
82,"Galaxy A6s",https://www.gsmarena.com/samsung_galaxy_a6s-9352.php,18:9,92.90,1080x2160,6.0",N/A,SUCCESS,2025-12-15 01:08:21
83,"Galaxy A7",https://www.gsmarena.com/samsung_galaxy_a7-6763.php,16:9,83.39,1080x1920,5.5",N/A,SUCCESS,2025-12-15 01:09:23
84,"Galaxy A70",https://www.gsmarena.com/samsung_galaxy_a70-9646.php,20:9,108.38,1080x2400,6.7",N/A,SUCCESS,2025-12-15 01:10:24
85,"Galaxy A70s",https://www.gsmarena.com/samsung_galaxy_a70s-9899.php,20:9,108.38,1080x2400,6.7",N/A,SUCCESS,2025-12-15 01:11:26
86,"Galaxy A71",https://www.gsmarena.com/samsung_galaxy_a71-9995.php,20:9,108.38,1080x2400,6.7",N/A,SUCCESS,2025-12-15 01:12:27
87,"Galaxy A71 5G",https://www.gsmarena.com/samsung_galaxy_a71_5g-10146.php,20:9,108.38,1080x2400,6.7",N/A,SUCCESS,2025-12-15 01:13:29
88,"Galaxy A71 5G UW",https://www.gsmarena.com/samsung_galaxy_a71_5g_uw-10276.php,20:9,108.38,1080x2400,6.7",N/A,SUCCESS,2025-12-15 01:14:30
89,"Galaxy A72",https://www.gsmarena.com/samsung_galaxy_a72-10469.php,20:9,108.38,1080x2400,6.7",N/A,SUCCESS,2025-12-15 01:15:32
90,"Galaxy A73 5G",https://www.gsmarena.com/samsung_galaxy_a73_5g-11257.php,20:9,108.38,1080x2400,6.7",N/A,SUCCESS,2025-12-15 01:16:33
91,"Galaxy A7 (2016)",https://www.gsmarena.com/samsung_galaxy_a7_(2016)-7759.php,16:9,83.39,1080x1920,5.5",N/A,SUCCESS,2025-12-15 01:17:35
92,"Galaxy A7 (2017)",https://www.gsmarena.com/samsung_galaxy_a7_(2017)-8335.php,16:9,89.57,1080x1920,5.7",N/A,SUCCESS,2025-12-15 01:18:36
93,"Galaxy A7 (2018)",https://www.gsmarena.com/samsung_galaxy_a7_(2018)-9340.php,18.5:9,91.37,1080x2220,6.0",N/A,SUCCESS,2025-12-15 01:19:38
94,"Galaxy A7 Duos",https://www.gsmarena.com/samsung_galaxy_a7_duos-7132.php,16:9,83.39,1080x1920,5.5",N/A,SUCCESS,2025-12-15 01:20:39
95,"Galaxy A8+ (2018)",https://www.gsmarena.com/samsung_galaxy_a8+_(2018)-8790.php,18.5:9,91.37,1080x2220,6.0",N/A,SUCCESS,2025-12-15 01:21:41
96,"Galaxy A8",https://www.gsmarena.com/samsung_galaxy_a8-7249.php,16:9,89.57,1080x1920,5.7",N/A,SUCCESS,2025-12-15 01:22:42
97,"Galaxy A80",https://www.gsmarena.com/samsung_galaxy_a80-9659.php,20:9,108.38,1080x2400,6.7",N/A,SUCCESS,2025-12-15 01:23:43
98,"Galaxy A8 (2016)",https://www.gsmarena.com/samsung_galaxy_a8_(2016)-7801.php,16:9,89.57,1080x1920,5.7",N/A,SUCCESS,2025-12-15 01:24:45
99,"Galaxy A8 (2018)",https://www.gsmarena.com/samsung_galaxy_a8_(2018)-8886.php,18.5:9,79.59,1080x2220,5.6",N/A,SUCCESS,2025-12-15 01:25:46
100,"Galaxy A8 Duos",https://www.gsmarena.com/samsung_galaxy_a8_duos-7506.php,16:9,89.57,1080x1920,5.7",N/A,SUCCESS,2025-12-15 01:26:48
101,"Galaxy A8 Star (A9 Star)",https://www.gsmarena.com/samsung_galaxy_a8_star_(a9_star)-9220.php,18.5:9,100.73,1080x2220,6.3",N/A,SUCCESS,2025-12-15 01:27:49
102,"Galaxy A8s",https://www.gsmarena.com/samsung_galaxy_a8s-9432.php,19.5:9,100.55,1080x2340,6.4",N/A,SUCCESS,2025-12-15 01:28:51
103,"Galaxy A90 5G",https://www.gsmarena.com/samsung_galaxy_a90_5g-9795.php,20:9,108.38,1080x2400,6.7",N/A,SUCCESS,2025-12-15 01:29:52
104,"Galaxy A9 (2016)",https://www.gsmarena.com/samsung_galaxy_a9_(2016)-7641.php,16:9,99.24,1080x1920,6.0",N/A,SUCCESS,2025-12-15 01:30:54
105,"Galaxy A9 (2018)",https://www.gsmarena.com/samsung_galaxy_a9_(2018)-9344.php,18.5:9,100.73,1080x2220,6.3",N/A,SUCCESS,2025-12-15 01:31:55
106,"Galaxy A9 Pro (2016)",https://www.gsmarena.com/samsung_galaxy_a9_pro_(2016)-7903.php,16:9,99.24,1080x1920,6.0",N/A,SUCCESS,2025-12-15 01:32:57
107,"Galaxy A Quantum",https://www.gsmarena.com/samsung_galaxy_a_quantum-10243.php,20:9,108.38,1080x2400,6.7",N/A,SUCCESS,2025-12-15 01:33:58
108,"Galaxy F02s",https://www.gsmarena.com/samsung_galaxy_f02s-10824.php,20:9,102.01,720x1600,6.5",N/A,SUCCESS,2025-12-15 01:35:00
109,"Galaxy F04",https://www.gsmarena.com/samsung_galaxy_f04-12054.php,20:9,102.01,720x1600,6.5",N/A,SUCCESS,2025-12-15 01:36:01
110,"Galaxy F05",https://www.gsmarena.com/samsung_galaxy_f05-13345.php,20:9,108.38,720x1600,6.7",N/A,SUCCESS,2025-12-15 01:37:02
111,"Galaxy F06 5G",https://www.gsmarena.com/samsung_galaxy_f06_5g-13663.php,20:9,108.38,720x1600,6.7",N/A,SUCCESS,2025-12-15 01:38:04
112,"Galaxy F07",https://www.gsmarena.com/samsung_galaxy_f07-14205.php,20:9,108.38,720x1600,6.7",N/A,SUCCESS,2025-12-15 01:39:05
113,"Galaxy F12",https://www.gsmarena.com/samsung_galaxy_f12-10825.php,20:9,102.01,720x1600,6.5",N/A,SUCCESS,2025-12-15 01:40:07
114,"Galaxy F13",https://www.gsmarena.com/samsung_galaxy_f13-11624.php,20:9,105.17,1080x2408,6.6",N/A,SUCCESS,2025-12-15 01:41:08
115,"Galaxy F14",https://www.gsmarena.com/samsung_galaxy_f14-12175.php,20:9,105.17,1080x2408,6.6",N/A,SUCCESS,2025-12-15 01:42:10
116,"Galaxy F14 4G",https://www.gsmarena.com/samsung_galaxy_f14_4g-13247.php,20:9,108.38,1080x2400,6.7",N/A,SUCCESS,2025-12-15 01:43:11
117,"Galaxy F15",https://www.gsmarena.com/samsung_galaxy_f15-12831.php,19.5:9,106.93,1080x2340,6.6",N/A,SUCCESS,2025-12-15 01:44:13
118,"Galaxy F16",https://www.gsmarena.com/samsung_galaxy_f16-13721.php,19.5:9,110.19,1080x2340,6.7",N/A,SUCCESS,2025-12-15 01:45:14
119,"Galaxy F17",https://www.gsmarena.com/samsung_galaxy_f17_5g-14107.php,19.5:9,110.19,1080x2340,6.7",N/A,SUCCESS,2025-12-15 01:46:16
120,"Galaxy F22",https://www.gsmarena.com/samsung_galaxy_f22-10996.php,20:9,98.89,720x1600,6.4",N/A,SUCCESS,2025-12-15 01:47:17
121,"Galaxy F23",https://www.gsmarena.com/samsung_galaxy_f23-11406.php,20:9,105.17,1080x2408,6.6",N/A,SUCCESS,2025-12-15 01:48:19
122,"Galaxy F34",https://www.gsmarena.com/samsung_galaxy_f34-12453.php,19.5:9,103.71,1080x2340,6.5",N/A,SUCCESS,2025-12-15 01:49:20
123,"Galaxy F36",https://www.gsmarena.com/samsung_galaxy_f36_5g-14009.php,19.5:9,110.19,1080x2340,6.7",N/A,SUCCESS,2025-12-15 01:50:22
124,"Galaxy F41",https://www.gsmarena.com/samsung_galaxy_f41-10498.php,19.5:9,100.55,1080x2340,6.4",N/A,SUCCESS,2025-12-15 01:51:23
125,"Galaxy F42 5G",https://www.gsmarena.com/samsung_galaxy_f42_5g-11124.php,20:9,105.17,1080x2408,6.6",N/A,SUCCESS,2025-12-15 01:52:25
126,"Galaxy F52 5G",https://www.gsmarena.com/samsung_galaxy_f52_5g-10900.php,20:9,105.17,1080x2408,6.6",N/A,SUCCESS,2025-12-15 01:53:26
127,"Galaxy F54",https://www.gsmarena.com/samsung_galaxy_f54-12239.php,20:9,108.38,1080x2400,6.7",N/A,SUCCESS,2025-12-15 01:54:28
128,"Galaxy F55",https://www.gsmarena.com/samsung_galaxy_f55-12885.php,20:9,108.38,1080x2400,6.7",N/A,SUCCESS,2025-12-15 01:55:29
129,"Galaxy F56",https://www.gsmarena.com/samsung_galaxy_f56_5g-13855.php,19.5:9,111.51,1080x2340,6.74",N/A,SUCCESS,2025-12-15 01:56:31
130,"Galaxy F62",https://www.gsmarena.com/samsung_galaxy_f62-10740.php,20:9,108.38,1080x2400,6.7",N/A,SUCCESS,2025-12-15 01:57:32
131,"Galaxy Fold",https://www.gsmarena.com/samsung_galaxy_fold-9523.php,21:9,124.48,1536x2152,7.3",N/A,SUCCESS,2025-12-15 01:58:34
132,"Galaxy Fold 5G",https://www.gsmarena.com/samsung_galaxy_fold_5g-9851.php,21:9,124.48,1536x2152,7.3",N/A,SUCCESS,2025-12-15 01:59:35
133,"Galaxy Folder",https://www.gsmarena.com/samsung_galaxy_folder-7453.php,5:3,41.10,480x800,3.8",N/A,SUCCESS,2025-12-15 02:00:37
134,"Galaxy Folder2",https://www.gsmarena.com/samsung_galaxy_folder2-9331.php,5:3,41.10,480x800,3.8",N/A,SUCCESS,2025-12-15 02:01:38
135,"Galaxy J1",https://www.gsmarena.com/samsung_galaxy_j1-6907.php,5:3,52.63,480x800,4.3",N/A,SUCCESS,2025-12-15 02:02:39
136,"Galaxy J1 (2016)",https://www.gsmarena.com/samsung_galaxy_j1_(2016)-7864.php,5:3,57.64,480x800,4.5",N/A,SUCCESS,2025-12-15 02:03:41
137,"Galaxy J1 4G",https://www.gsmarena.com/samsung_galaxy_j1_4g-7034.php,5:3,52.63,480x800,4.3",N/A,SUCCESS,2025-12-15 02:04:42
138,"Galaxy J1 Ace",https://www.gsmarena.com/samsung_galaxy_j1_ace-7673.php,5:3,52.63,480x800,4.3",N/A,SUCCESS,2025-12-15 02:05:44
139,"Galaxy J1 mini prime",https://www.gsmarena.com/samsung_galaxy_j1_mini_prime-8397.php,5:3,45.54,480x800,4.0",N/A,SUCCESS,2025-12-15 02:06:45
140,"Galaxy J1 Nxt",https://www.gsmarena.com/samsung_galaxy_j1_nxt-7768.php,5:3,45.54,480x800,4.0",N/A,SUCCESS,2025-12-15 02:07:47
141,"Galaxy J2",https://www.gsmarena.com/samsung_galaxy_j2-7357.php,16:9,60.90,540x960,4.7",N/A,SUCCESS,2025-12-15 02:08:48
142,"Galaxy J2 (2016)",https://www.gsmarena.com/samsung_galaxy_j2_(2016)-8083.php,16:9,68.92,720x1280,5.0",N/A,SUCCESS,2025-12-15 02:09:49
143,"Galaxy J2 (2017)",https://www.gsmarena.com/samsung_galaxy_j2_(2017)-8900.php,16:9,60.90,540x960,4.7",N/A,SUCCESS,2025-12-15 02:10:51
144,"Galaxy J2 Core",https://www.gsmarena.com/samsung_galaxy_j2_core-9255.php,16:9,68.92,540x960,5.0",N/A,SUCCESS,2025-12-15 02:11:52
145,"Galaxy J2 Core (2020)",https://www.gsmarena.com/samsung_galaxy_j2_core_(2020)-10208.php,16:9,68.92,540x960,5.0",N/A,SUCCESS,2025-12-15 02:12:54
146,"Galaxy J2 Prime",https://www.gsmarena.com/samsung_galaxy_j2_prime-8424.php,16:9,68.92,540x960,5.0",N/A,SUCCESS,2025-12-15 02:13:55
147,"Galaxy J2 Pro (2016)",https://www.gsmarena.com/samsung_galaxy_j2_pro_(2016)-8228.php,16:9,68.92,720x1280,5.0",N/A,SUCCESS,2025-12-15 02:14:57
148,"Galaxy J2 Pro (2018)",https://www.gsmarena.com/samsung_galaxy_j2_pro_(2018)-8904.php,16:9,68.92,540x960,5.0",N/A,SUCCESS,2025-12-15 02:15:58
149,"Galaxy J3 (2016)",https://www.gsmarena.com/samsung_galaxy_j3_(2016)-7760.php,16:9,68.92,720x1280,5.0",N/A,SUCCESS,2025-12-15 02:17:00
150,"Galaxy J3 (2017)",https://www.gsmarena.com/samsung_galaxy_j3_(2017)-8438.php,16:9,68.92,720x1280,5.0",N/A,SUCCESS,2025-12-15 02:18:01
151,"Galaxy J3 (2018)",https://www.gsmarena.com/samsung_galaxy_j3_(2018)-8928.php,16:9,68.92,720x1280,5.0",N/A,SUCCESS,2025-12-15 02:19:03
152,"Galaxy J3 Emerge",https://www.gsmarena.com/samsung_galaxy_j3_emerge-8486.php,16:9,68.92,720x1280,5.0",N/A,SUCCESS,2025-12-15 02:20:04
153,"Galaxy J3 Pro",https://www.gsmarena.com/samsung_galaxy_j3_pro-8126.php,16:9,68.92,720x1280,5.0",N/A,SUCCESS,2025-12-15 02:21:05
154,"Galaxy J4+",https://www.gsmarena.com/samsung_galaxy_j4+-9335.php,18.5:9,91.37,720x1480,6.0",N/A,SUCCESS,2025-12-15 02:22:07
155,"Galaxy J4",https://www.gsmarena.com/samsung_galaxy_j4-9204.php,16:9,83.39,720x1280,5.5",N/A,SUCCESS,2025-12-15 02:23:08
156,"Galaxy J4 Core",https://www.gsmarena.com/samsung_galaxy_j4_core-9397.php,18.5:9,91.37,720x1480,6.0",N/A,SUCCESS,2025-12-15 02:24:10
157,"Galaxy J5",https://www.gsmarena.com/samsung_galaxy_j5-7184.php,16:9,68.92,720x1280,5.0",N/A,SUCCESS,2025-12-15 02:25:11
158,"Galaxy J5 (2016)",https://www.gsmarena.com/samsung_galaxy_j5_(2016)-7869.php,16:9,74.54,720x1280,5.2",N/A,SUCCESS,2025-12-15 02:26:13
159,"Galaxy J5 (2017)",https://www.gsmarena.com/samsung_galaxy_j5_(2017)-8705.php,16:9,74.54,720x1280,5.2",N/A,SUCCESS,2025-12-15 02:27:14
160,"Galaxy J5 Prime",https://www.gsmarena.com/samsung_galaxy_j5_prime-8342.php,16:9,68.92,720x1280,5.0",N/A,SUCCESS,2025-12-15 02:28:15
161,"Galaxy J6+",https://www.gsmarena.com/samsung_galaxy_j6+-9334.php,18.5:9,91.37,720x1480,6.0",N/A,SUCCESS,2025-12-15 02:29:17
162,"Galaxy J6",https://www.gsmarena.com/samsung_galaxy_j6-9203.php,18.5:9,79.59,720x1480,5.6",N/A,SUCCESS,2025-12-15 02:30:18
163,"Galaxy J7",https://www.gsmarena.com/samsung_galaxy_j7-7185.php,16:9,83.39,720x1280,5.5",N/A,SUCCESS,2025-12-15 02:31:20
164,"Galaxy J7 (2016)",https://www.gsmarena.com/samsung_galaxy_j7_(2016)-7870.php,16:9,83.39,720x1280,5.5",N/A,SUCCESS,2025-12-15 02:32:21
165,"Galaxy J7 (2017)",https://www.gsmarena.com/samsung_galaxy_j7_(2017)-8675.php,16:9,83.39,1080x1920,5.5",N/A,SUCCESS,2025-12-15 02:33:23
166,"Galaxy J7 (2018)",https://www.gsmarena.com/samsung_galaxy_j7_(2018)-9234.php,16:9,83.39,720x1280,5.5",N/A,SUCCESS,2025-12-15 02:34:24
167,"Galaxy J7 Duo",https://www.gsmarena.com/samsung_galaxy_j7_duo-9153.php,16:9,83.39,720x1280,5.5",N/A,SUCCESS,2025-12-15 02:35:25
168,"Galaxy J7 Max",https://www.gsmarena.com/samsung_galaxy_j7_max-8684.php,16:9,89.57,1080x1920,5.7",N/A,SUCCESS,2025-12-15 02:36:27
169,"Galaxy J7 Nxt",https://www.gsmarena.com/samsung_galaxy_j7_nxt-8785.php,16:9,83.39,720x1280,5.5",N/A,SUCCESS,2025-12-15 02:37:28
170,"Galaxy J7 Prime",https://www.gsmarena.com/samsung_galaxy_j7_prime-8314.php,16:9,83.39,1080x1920,5.5",N/A,SUCCESS,2025-12-15 02:38:30
171,"Galaxy J7 Prime 2",https://www.gsmarena.com/samsung_galaxy_j7_prime_2-9135.php,16:9,83.39,1080x1920,5.5",N/A,SUCCESS,2025-12-15 02:39:31
172,"Galaxy J7 Pro",https://www.gsmarena.com/samsung_galaxy_j7_pro-8561.php,16:9,83.39,1080x1920,5.5",N/A,SUCCESS,2025-12-15 02:40:32
173,"Galaxy J7 V",https://www.gsmarena.com/samsung_galaxy_j7_v-8778.php,16:9,83.39,720x1280,5.5",N/A,SUCCESS,2025-12-15 02:41:34
174,"Galaxy J8",https://www.gsmarena.com/samsung_galaxy_j8-9205.php,18.5:9,91.37,720x1480,6.0",N/A,SUCCESS,2025-12-15 02:42:35
175,"Galaxy J Max",https://www.gsmarena.com/samsung_galaxy_j_max-8186.php,16:10,142.08,800x1280,7.0",N/A,SUCCESS,2025-12-15 02:43:37
176,"Galaxy M01",https://www.gsmarena.com/samsung_galaxy_m01-10216.php,19:9,81.09,720x1520,5.7",N/A,SUCCESS,2025-12-15 02:44:38
177,"Galaxy M01 Core",https://www.gsmarena.com/samsung_galaxy_m01_core-10316.php,18.5:9,71.29,720x1480,5.3",N/A,SUCCESS,2025-12-15 02:45:39
178,"Galaxy M01s",https://www.gsmarena.com/samsung_galaxy_m01s-10335.php,19:9,95.95,720x1520,6.2",N/A,SUCCESS,2025-12-15 02:46:41
179,"Galaxy M02",https://www.gsmarena.com/samsung_galaxy_m02-10709.php,20:9,102.01,720x1600,6.5",N/A,SUCCESS,2025-12-15 02:47:42
180,"Galaxy M02s",https://www.gsmarena.com/samsung_galaxy_m02s-10663.php,20:9,102.01,720x1600,6.5",N/A,SUCCESS,2025-12-15 02:48:44
181,"Galaxy M04",https://www.gsmarena.com/samsung_galaxy_m04-12022.php,20:9,102.01,720x1600,6.5",N/A,SUCCESS,2025-12-15 02:49:45
182,"Galaxy M05",https://www.gsmarena.com/samsung_galaxy_m05-13327.php,20:9,108.38,720x1600,6.7",N/A,SUCCESS,2025-12-15 02:50:46
183,"Galaxy M06",https://www.gsmarena.com/samsung_galaxy_m06-13681.php,20:9,109.68,720x1600,6.74",N/A,SUCCESS,2025-12-15 02:51:48
184,"Galaxy M07",https://www.gsmarena.com/samsung_galaxy_m07-14100.php,20:9,108.38,720x1600,6.7",N/A,SUCCESS,2025-12-15 02:52:49
185,"Galaxy M10",https://www.gsmarena.com/samsung_galaxy_m10-9508.php,19:9,96.57,720x1520,6.22",N/A,SUCCESS,2025-12-15 02:53:51
186,"Galaxy M10s",https://www.gsmarena.com/samsung_galaxy_m10s-9861.php,19.5:9,100.55,720x1560,6.4",N/A,SUCCESS,2025-12-15 02:54:52
187,"Galaxy M11",https://www.gsmarena.com/samsung_galaxy_m11-10124.php,19.5:9,100.55,720x1560,6.4",N/A,SUCCESS,2025-12-15 02:55:53
188,"Galaxy M12",https://www.gsmarena.com/samsung_galaxy_m12-10860.php,20:9,102.01,720x1600,6.5",N/A,SUCCESS,2025-12-15 02:56:55
189,"Galaxy M12 (India)",https://www.gsmarena.com/samsung_galaxy_m12_(india)-10578.php,20:9,102.01,720x1600,6.5",N/A,SUCCESS,2025-12-15 02:57:56
190,"Galaxy M13",https://www.gsmarena.com/samsung_galaxy_m13-11564.php,20:9,105.17,1080x2408,6.6",N/A,SUCCESS,2025-12-15 02:58:58
191,"Galaxy M13 (India)",https://www.gsmarena.com/samsung_galaxy_m13_(india)-11654.php,20:9,105.17,1080x2408,6.6",N/A,SUCCESS,2025-12-15 02:59:59
192,"Galaxy M13 5G",https://www.gsmarena.com/samsung_galaxy_m13_5g-11633.php,20:9,102.01,720x1600,6.5",N/A,SUCCESS,2025-12-15 03:01:01
193,"Galaxy M14",https://www.gsmarena.com/samsung_galaxy_m14-12160.php,20:9,105.17,1080x2408,6.6",N/A,SUCCESS,2025-12-15 03:02:02
194,"Galaxy M14 4G",https://www.gsmarena.com/samsung_galaxy_m14_4g-12862.php,20:9,108.38,1080x2400,6.7",N/A,SUCCESS,2025-12-15 03:03:03
195,"Galaxy M15",https://www.gsmarena.com/samsung_galaxy_m15-12833.php,19.5:9,103.71,1080x2340,6.5",N/A,SUCCESS,2025-12-15 03:04:05
196,"Galaxy M16",https://www.gsmarena.com/samsung_galaxy_m16-13680.php,19.5:9,110.19,1080x2340,6.7",N/A,SUCCESS,2025-12-15 03:05:06
197,"Galaxy M17",https://www.gsmarena.com/samsung_galaxy_m17_5g-14221.php,19.5:9,110.19,1080x2340,6.7",N/A,SUCCESS,2025-12-15 03:06:08
198,"Galaxy M20",https://www.gsmarena.com/samsung_galaxy_m20-9506.php,19.5:9,97.43,1080x2340,6.3",N/A,SUCCESS,2025-12-15 03:07:09
199,"Galaxy M21",https://www.gsmarena.com/samsung_galaxy_m21-10111.php,19.5:9,100.55,1080x2340,6.4",N/A,SUCCESS,2025-12-15 03:08:11
200,"Galaxy M21 2021",https://www.gsmarena.com/samsung_galaxy_m21_2021-11015.php,19.5:9,100.55,1080x2340,6.4",N/A,SUCCESS,2025-12-15 03:09:12
201,"Galaxy M21s",https://www.gsmarena.com/samsung_galaxy_m21s-10580.php,19.5:9,100.55,1080x2340,6.4",N/A,SUCCESS,2025-12-15 03:10:13
202,"Galaxy M22",https://www.gsmarena.com/samsung_galaxy_m22-11011.php,20:9,98.89,720x1600,6.4",N/A,SUCCESS,2025-12-15 03:11:15
203,"Galaxy M23",https://www.gsmarena.com/samsung_galaxy_m23-11403.php,20:9,105.17,1080x2408,6.6",N/A,SUCCESS,2025-12-15 03:12:16
204,"Galaxy M30",https://www.gsmarena.com/samsung_galaxy_m30-9505.php,19.5:9,100.55,1080x2340,6.4",N/A,SUCCESS,2025-12-15 03:13:18
205,"Galaxy M30s",https://www.gsmarena.com/samsung_galaxy_m30s-9818.php,19.5:9,100.55,1080x2340,6.4",N/A,SUCCESS,2025-12-15 03:14:19
206,"Galaxy M31",https://www.gsmarena.com/samsung_galaxy_m31-10079.php,19.5:9,100.55,1080x2340,6.4",N/A,SUCCESS,2025-12-15 03:15:20
207,"Galaxy M31 Prime",https://www.gsmarena.com/samsung_galaxy_m31_prime-10496.php,19.5:9,100.55,1080x2340,6.4",N/A,SUCCESS,2025-12-15 03:16:22
208,"Galaxy M31s",https://www.gsmarena.com/samsung_galaxy_m31s-10333.php,20:9,102.01,1080x2400,6.5",N/A,SUCCESS,2025-12-15 03:17:23
209,"Galaxy M32",https://www.gsmarena.com/samsung_galaxy_m32-10887.php,20:9,98.89,1080x2400,6.4",N/A,SUCCESS,2025-12-15 03:18:25
210,"Galaxy M32 5G",https://www.gsmarena.com/samsung_galaxy_m32_5g-11062.php,20:9,102.01,720x1600,6.5",N/A,SUCCESS,2025-12-15 03:19:26
211,"Galaxy M33",https://www.gsmarena.com/samsung_galaxy_m33-11404.php,20:9,105.17,1080x2408,6.6",N/A,SUCCESS,2025-12-15 03:20:27
212,"Galaxy M34 5G",https://www.gsmarena.com/samsung_galaxy_m34_5g-11290.php,19.5:9,103.71,1080x2340,6.5",N/A,SUCCESS,2025-12-15 03:21:29
213,"Galaxy M35",https://www.gsmarena.com/samsung_galaxy_m35-13006.php,19.5:9,106.93,1080x2340,6.6",N/A,SUCCESS,2025-12-15 03:22:30
214,"Galaxy M36",https://www.gsmarena.com/samsung_galaxy_m36_5g-13967.php,19.5:9,110.19,1080x2340,6.7",N/A,SUCCESS,2025-12-15 03:23:32
215,"Galaxy M40",https://www.gsmarena.com/samsung_galaxy_m40-9721.php,19.5:9,97.43,1080x2340,6.3",N/A,SUCCESS,2025-12-15 03:24:33
216,"Galaxy M42 5G",https://www.gsmarena.com/samsung_galaxy_m42_5g-10848.php,20:9,105.17,720x1600,6.6",N/A,SUCCESS,2025-12-15 03:25:35
217,"Galaxy M51",https://www.gsmarena.com/samsung_galaxy_m51-10148.php,20:9,108.38,1080x2400,6.7",N/A,SUCCESS,2025-12-15 03:26:36
218,"Galaxy M52 5G",https://www.gsmarena.com/samsung_galaxy_m52_5g-11110.php,20:9,108.38,1080x2400,6.7",N/A,SUCCESS,2025-12-15 03:27:38
219,"Galaxy M53",https://www.gsmarena.com/samsung_galaxy_m53-11439.php,20:9,108.38,1080x2408,6.7",N/A,SUCCESS,2025-12-15 03:28:39
220,"Galaxy M54",https://www.gsmarena.com/samsung_galaxy_m54-12189.php,20:9,108.38,1080x2400,6.7",N/A,SUCCESS,2025-12-15 03:29:40
221,"Galaxy M55",https://www.gsmarena.com/samsung_galaxy_m55-12896.php,20:9,108.38,1080x2400,6.7",N/A,SUCCESS,2025-12-15 03:30:42
222,"Galaxy M55s",https://www.gsmarena.com/samsung_galaxy_m55s-13354.php,20:9,108.38,1080x2400,6.7",N/A,SUCCESS,2025-12-15 03:31:43
223,"Galaxy M56",https://www.gsmarena.com/samsung_galaxy_m56_5g-13801.php,19.5:9,111.51,1080x2340,6.74",N/A,SUCCESS,2025-12-15 03:32:45
224,"Galaxy M62",https://www.gsmarena.com/samsung_galaxy_m62-10749.php,20:9,108.38,1080x2400,6.7",N/A,SUCCESS,2025-12-15 03:33:46
225,"Galaxy S10+",https://www.gsmarena.com/samsung_galaxy_s10+-9535.php,19:9,102.24,1440x3040,6.4",N/A,SUCCESS,2025-12-15 03:34:48
226,"Galaxy S10",https://www.gsmarena.com/samsung_galaxy_s10-9536.php,19:9,92.88,1440x3040,6.1",N/A,SUCCESS,2025-12-15 03:35:49
227,"Galaxy S10 5G",https://www.gsmarena.com/samsung_galaxy_s10_5g-9588.php,19:9,112.04,1440x3040,6.7",N/A,SUCCESS,2025-12-15 03:36:51
228,"Galaxy S10 Lite",https://www.gsmarena.com/samsung_galaxy_s10_lite-9917.php,20:9,108.38,1080x2400,6.7",N/A,SUCCESS,2025-12-15 03:37:52
229,"Galaxy S10e",https://www.gsmarena.com/samsung_galaxy_s10e-9537.php,19:9,83.96,1080x2280,5.8",N/A,SUCCESS,2025-12-15 03:38:54
230,"Galaxy S6",https://www.gsmarena.com/samsung_galaxy_s6-6849.php,16:9,71.70,1440x2560,5.1",N/A,SUCCESS,2025-12-15 03:39:55
231,"Galaxy S6 (USA)",https://www.gsmarena.com/samsung_galaxy_s6_(usa)-7164.php,16:9,71.70,1440x2560,5.1",N/A,SUCCESS,2025-12-15 03:40:56
232,"Galaxy S6 Duos",https://www.gsmarena.com/samsung_galaxy_s6_duos-7377.php,16:9,71.70,1440x2560,5.1",N/A,SUCCESS,2025-12-15 03:41:58
233,"Galaxy S6 edge+",https://www.gsmarena.com/samsung_galaxy_s6_edge+-7467.php,16:9,89.57,1440x2560,5.7",N/A,SUCCESS,2025-12-15 03:42:59
234,"Galaxy S6 edge+ (USA)",https://www.gsmarena.com/samsung_galaxy_s6_edge+_(usa)-7505.php,16:9,89.57,1440x2560,5.7",N/A,SUCCESS,2025-12-15 03:44:01
235,"Galaxy S6 edge+ Duos",https://www.gsmarena.com/samsung_galaxy_s6_edge+_duos-7509.php,16:9,89.57,1440x2560,5.7",N/A,SUCCESS,2025-12-15 03:45:02
236,"Galaxy S6 edge",https://www.gsmarena.com/samsung_galaxy_s6_edge-7079.php,16:9,71.70,1440x2560,5.1",N/A,SUCCESS,2025-12-15 03:46:03
237,"Galaxy S6 edge (USA)",https://www.gsmarena.com/samsung_galaxy_s6_edge_(usa)-7166.php,16:9,71.70,1440x2560,5.1",N/A,SUCCESS,2025-12-15 03:47:05
238,"Galaxy S7",https://www.gsmarena.com/samsung_galaxy_s7-7821.php,16:9,71.70,1440x2560,5.1",N/A,SUCCESS,2025-12-15 03:48:06
239,"Galaxy S7 (USA)",https://www.gsmarena.com/samsung_galaxy_s7_(usa)-7960.php,16:9,71.70,1440x2560,5.1",N/A,SUCCESS,2025-12-15 03:49:08
240,"Galaxy S7 edge",https://www.gsmarena.com/samsung_galaxy_s7_edge-7945.php,16:9,83.39,1440x2560,5.5",N/A,SUCCESS,2025-12-15 03:50:09
241,"Galaxy S7 edge (USA)",https://www.gsmarena.com/samsung_galaxy_s7_edge_(usa)-7961.php,16:9,83.39,1440x2560,5.5",N/A,SUCCESS,2025-12-15 03:51:10
242,"Galaxy S8+",https://www.gsmarena.com/samsung_galaxy_s8+-8523.php,18.5:9,97.56,1440x2960,6.2",N/A,SUCCESS,2025-12-15 03:52:12
243,"Galaxy S8",https://www.gsmarena.com/samsung_galaxy_s8-8161.php,18.5:9,85.38,1440x2960,5.8",N/A,SUCCESS,2025-12-15 03:53:14
244,"Galaxy S9+",https://www.gsmarena.com/samsung_galaxy_s9+-8967.php,18.5:9,97.56,1440x2960,6.2",N/A,SUCCESS,2025-12-15 03:54:15
245,"Galaxy S9",https://www.gsmarena.com/samsung_galaxy_s9-8966.php,18.5:9,85.38,1440x2960,5.8",N/A,SUCCESS,2025-12-15 03:55:17
246,"Galaxy S Light Luxury",https://www.gsmarena.com/samsung_galaxy_s_light_luxury-9202.php,18.5:9,85.38,1080x2220,5.8",N/A,SUCCESS,2025-12-15 03:56:18
247,"Guru Plus",https://www.gsmarena.com/samsung_guru_plus_-7794.php,1:1,7.26,128x128,1.5",N/A,SUCCESS,2025-12-15 03:57:20
248,"Metro 360",https://www.gsmarena.com/samsung_metro_360-7751.php,4:3,17.84,240x320,2.4",N/A,SUCCESS,2025-12-15 03:58:21
249,"Z1",https://www.gsmarena.com/samsung_z1-6894.php,5:3,45.54,480x800,4.0",N/A,SUCCESS,2025-12-15 03:59:22
250,"Z2",https://www.gsmarena.com/samsung_z2-8288.php,5:3,45.54,480x800,4.0",N/A,SUCCESS,2025-12-15 04:00:24
251,"Z3",https://www.gsmarena.com/samsung_z3-7273.php,16:9,68.92,720x1280,5.0",N/A,SUCCESS,2025-12-15 04:01:25
252,"Z3 Corporate",https://www.gsmarena.com/samsung_z3_corporate-8170.php,16:9,68.92,720x1280,5.0",N/A,SUCCESS,2025-12-15 04:02:26
253,"Z4",https://www.gsmarena.com/samsung_z4-8682.php,5:3,57.64,480x800,4.5",N/A,SUCCESS,2025-12-15 04:03:28
