phone_id,model,url,display_ratio,display_area_cm2,resolution,screen_size,ppi,os,chipset,ram,storage,battery,status_code,error_message
1,11 Lite 5G NE,https://www.gsmarena.com/xiaomi_11_lite_5g_ne-11101.php,20:9,103.58,1080x2400,"6.55""",,,,,,,200,
2,11i,https://www.gsmarena.com/xiaomi_11i-11185.php,20:9,107.41,1080x2400,"6.67""",,,,,,,200,
3,11i HyperCharge 5G,https://www.gsmarena.com/xiaomi_11i_hypercharge_5g-11186.php,20:9,107.41,1080x2400,"6.67""",,,,,,,200,
4,11T,https://www.gsmarena.com/xiaomi_11t-11099.php,20:9,107.41,1080x2400,"6.67""",,,,,,,200,
5,11T Pro,https://www.gsmarena.com/xiaomi_11t_pro-11100.php,20:9,107.41,1080x2400,"6.67""",,,,,,,200,
6,12,https://www.gsmarena.com/xiaomi_12-11285.php,20:9,95.22,1080x2400,"6.28""",,,,,,,200,
7,12 Lite,https://www.gsmarena.com/xiaomi_12_lite-11472.php,20:9,103.58,1080x2400,"6.55""",,,,,,,200,
8,12 Lite NE,https://www.gsmarena.com/xiaomi_12_lite_ne-11947.php,20:9,103.58,1080x2400,"6.55""",,,,,,,200,
9,12 Pro,https://www.gsmarena.com/xiaomi_12_pro-11287.php,20:9,109.35,1440x3200,"6.73""",,,,,,,200,
10,12 Pro (Dimensity),https://www.gsmarena.com/xiaomi_12_pro_(dimensity)-11652.php,20:9,109.35,1440x3200,"6.73""",,,,,,,200,
11,12S,https://www.gsmarena.com/xiaomi_12s-11645.php,20:9,95.22,1080x2400,"6.28""",,,,,,,200,
12,12S Pro,https://www.gsmarena.com/xiaomi_12s_pro-11651.php,20:9,109.35,1440x3200,"6.73""",,,,,,,200,
13,12S Ultra,https://www.gsmarena.com/xiaomi_12s_ultra-11614.php,20:9,109.35,1440x3200,"6.73""",,,,,,,200,
14,12T,https://www.gsmarena.com/xiaomi_12t-11888.php,20:9,107.41,1220x2712,"6.67""",,,,,,,200,
15,12T Pro,https://www.gsmarena.com/xiaomi_12t_pro-11887.php,20:9,107.41,1220x2712,"6.67""",,,,,,,200,
16,12X,https://www.gsmarena.com/xiaomi_12x-11292.php,20:9,95.22,1080x2400,"6.28""",,,,,,,200,
17,13,https://www.gsmarena.com/xiaomi_13-12013.php,20:9,97.66,1080x2400,"6.36""",,,,,,,200,
18,13 Lite,https://www.gsmarena.com/xiaomi_13_lite-12072.php,20:9,103.58,1080x2400,"6.55""",,,,,,,200,
19,13 Pro,https://www.gsmarena.com/xiaomi_13_pro-11962.php,20:9,109.35,1440x3200,"6.73""",,,,,,,200,
20,13 Ultra,https://www.gsmarena.com/xiaomi_13_ultra-12236.php,20:9,109.35,1440x3200,"6.73""",,,,,,,200,
21,13T,https://www.gsmarena.com/xiaomi_13t-12389.php,20:9,107.41,1220x2712,"6.67""",,,,,,,200,
22,13T Pro,https://www.gsmarena.com/xiaomi_13t_pro-12388.php,20:9,107.41,1220x2712,"6.67""",,,,,,,200,
23,14,https://www.gsmarena.com/xiaomi_14-12626.php,20:9,97.66,1200x2670,"6.36""",,,,,,,200,
24,14 Civi,https://www.gsmarena.com/xiaomi_14_civi-13056.php,20:9,103.58,1236x2750,"6.55""",,,,,,,200,
25,14 Pro,https://www.gsmarena.com/xiaomi_14_pro-12643.php,20:9,109.35,1440x3200,"6.73""",,,,,,,200,
26,14 Ultra,https://www.gsmarena.com/xiaomi_14_ultra-12827.php,20:9,109.35,1440x3200,"6.73""",,,,,,,200,
27,14T,https://www.gsmarena.com/xiaomi_14t-13329.php,20:9,107.41,1220x2712,"6.67""",,,,,,,200,
28,14T Pro,https://www.gsmarena.com/xiaomi_14t_pro-13328.php,20:9,107.41,1220x2712,"6.67""",,,,,,,200,
29,15,https://www.gsmarena.com/xiaomi_15-13472.php,20:9,97.66,1200x2670,"6.36""",,,,,,,200,
30,15 Pro,https://www.gsmarena.com/xiaomi_15_pro-13473.php,20:9,109.35,1440x3200,"6.73""",,,,,,,200,
31,15 Ultra,https://www.gsmarena.com/xiaomi_15_ultra-13657.php,20:9,109.35,1440x3200,"6.73""",,,,,,,200,
32,15S Pro,https://www.gsmarena.com/xiaomi_15s_pro_5g-13895.php,20:9,109.35,1440x3200,"6.73""",,,,,,,200,
33,15T,https://www.gsmarena.com/xiaomi_15t_5g-14177.php,19.5:9,114.51,1280x2772,"6.83""",,,,,,,200,
34,15T Pro,https://www.gsmarena.com/xiaomi_15t_pro_5g-14178.php,19.5:9,114.51,1280x2772,"6.83""",,,,,,,200,
35,17,https://www.gsmarena.com/xiaomi_17_5g-14134.php,19.5:9,97.43,1220x2656,"6.3""",,,,,,,200,
36,17 Pro,https://www.gsmarena.com/xiaomi_17_pro_5g-14182.php,19.5:9,97.43,1220x2656,"6.3""",,,,,,,200,
37,17 Pro Max,https://www.gsmarena.com/xiaomi_17_pro_max_5g-14181.php,19.5:9,116.87,1200x2608,"6.9""",,,,,,,200,
38,Black Shark,https://www.gsmarena.com/xiaomi_black_shark-9164.php,18:9,92.59,1080x2160,"5.99""",,,,,,,200,
39,Black Shark 2,https://www.gsmarena.com/xiaomi_black_shark_2-9639.php,19.5:9,100.23,1080x2340,"6.39""",,,,,,,200,
40,Black Shark 2 Pro,https://www.gsmarena.com/xiaomi_black_shark_2_pro-9779.php,19.5:9,100.23,1080x2340,"6.39""",,,,,,,200,
41,Black Shark 3,https://www.gsmarena.com/xiaomi_black_shark_3-10110.php,20:9,107.41,1080x2400,"6.67""",,,,,,,200,
42,Black Shark 3 Pro,https://www.gsmarena.com/xiaomi_black_shark_3_pro-10109.php,19.5:9,123.74,1440x3120,"7.1""",,,,,,,200,
43,Black Shark 3S,https://www.gsmarena.com/xiaomi_black_shark_3s-10350.php,20:9,107.41,1080x2400,"6.67""",,,,,,,200,
44,Black Shark 4,https://www.gsmarena.com/xiaomi_black_shark_4-10714.php,20:9,107.41,1080x2400,"6.67""",,,,,,,200,
45,Black Shark 4 Pro,https://www.gsmarena.com/xiaomi_black_shark_4_pro-10805.php,20:9,107.41,1080x2400,"6.67""",,,,,,,200,
46,Black Shark 4S,https://www.gsmarena.com/xiaomi_black_shark_4s-11153.php,20:9,107.41,1080x2400,"6.67""",,,,,,,200,
47,Black Shark 4S Pro,https://www.gsmarena.com/xiaomi_black_shark_4s_pro-11152.php,20:9,107.41,1080x2400,"6.67""",,,,,,,200,
48,Black Shark 5,https://www.gsmarena.com/xiaomi_black_shark_5-11454.php,20:9,107.41,1080x2400,"6.67""",,,,,,,200,
49,Black Shark 5 Pro,https://www.gsmarena.com/xiaomi_black_shark_5_pro-11453.php,20:9,107.41,1080x2400,"6.67""",,,,,,,200,
50,Black Shark 5 RS,https://www.gsmarena.com/xiaomi_black_shark_5_rs-11455.php,20:9,107.41,1080x2400,"6.67""",,,,,,,200,
51,Black Shark GS3 Ultra,https://www.gsmarena.com/xiaomi_black_shark_gs3_ultra-14309.php,,,466x466,"1.43""",,,,,,,200,
52,Black Shark Helo,https://www.gsmarena.com/xiaomi_black_shark_helo-9382.php,18:9,93.21,1080x2160,"6.01""",,,,,,,200,
53,Civi,https://www.gsmarena.com/xiaomi_civi-11119.php,20:9,103.58,1080x2400,"6.55""",,,,,,,200,
54,Civi 1S,https://www.gsmarena.com/xiaomi_civi_1s-11487.php,20:9,103.58,1080x2400,"6.55""",,,,,,,200,
55,Civi 2,https://www.gsmarena.com/xiaomi_civi_2-11906.php,20:9,103.58,1080x2400,"6.55""",,,,,,,200,
56,Civi 3,https://www.gsmarena.com/xiaomi_civi_3-12134.php,20:9,103.58,1080x2400,"6.55""",,,,,,,200,
57,Civi 4 Pro,https://www.gsmarena.com/xiaomi_civi_4_pro-12888.php,20:9,103.58,1236x2750,"6.55""",,,,,,,200,
58,Civi 5 Pro,https://www.gsmarena.com/xiaomi_civi_5_pro_5g-13875.php,20:9,103.58,1236x2750,"6.55""",,,,,,,200,
59,Mi 10 5G,https://www.gsmarena.com/xiaomi_mi_10_5g-10082.php,19.5:9,109.21,1080x2340,"6.67""",,,,,,,200,
60,Mi 10 Lite 5G,https://www.gsmarena.com/xiaomi_mi_10_lite_5g-10159.php,20:9,104.21,1080x2400,"6.57""",,,,,,,200,
61,Mi 10 Lite Zoom,https://www.gsmarena.com/xiaomi_mi_10_lite_zoom-10210.php,20:9,104.21,1080x2400,"6.57""",,,,,,,200,
62,Mi 10 Pro 5G,https://www.gsmarena.com/xiaomi_mi_10_pro_5g-10055.php,19.5:9,109.21,1080x2340,"6.67""",,,,,,,200,
63,Mi 10 Ultra,https://www.gsmarena.com/xiaomi_mi_10_ultra-10361.php,19.5:9,109.21,1080x2340,"6.67""",,,,,,,200,
64,Mi 10 Youth 5G,https://www.gsmarena.com/xiaomi_mi_10_youth_5g-10207.php,20:9,104.21,1080x2400,"6.57""",,,,,,,200,
65,Mi 10i 5G,https://www.gsmarena.com/xiaomi_mi_10i_5g-10615.php,20:9,107.41,1080x2400,"6.67""",,,,,,,200,
66,Mi 10S,https://www.gsmarena.com/xiaomi_mi_10s-10780.php,19.5:9,109.21,1080x2340,"6.67""",,,,,,,200,
67,Mi 10T 5G,https://www.gsmarena.com/xiaomi_mi_10t_5g-10473.php,20:9,107.41,1080x2400,"6.67""",,,,,,,200,
68,Mi 10T Lite 5G,https://www.gsmarena.com/xiaomi_mi_10t_lite_5g-10480.php,20:9,107.41,1080x2400,"6.67""",,,,,,,200,
69,Mi 10T Pro 5G,https://www.gsmarena.com/xiaomi_mi_10t_pro_5g-10437.php,20:9,107.41,1080x2400,"6.67""",,,,,,,200,
70,Mi 11,https://www.gsmarena.com/xiaomi_mi_11-10656.php,20:9,111.97,1440x3200,"6.81""",,,,,,,200,
71,Mi 11 Lite,https://www.gsmarena.com/xiaomi_mi_11_lite-10665.php,20:9,103.58,1080x2400,"6.55""",,,,,,,200,
72,Mi 11 Lite 5G,https://www.gsmarena.com/xiaomi_mi_11_lite_5g-10815.php,20:9,103.58,1080x2400,"6.55""",,,,,,,200,
73,Mi 11 Pro,https://www.gsmarena.com/xiaomi_mi_11_pro-10816.php,20:9,111.97,1440x3200,"6.81""",,,,,,,200,
74,Mi 11 Ultra,https://www.gsmarena.com/xiaomi_mi_11_ultra-10737.php,20:9,111.97,1440x3200,"6.81""",,,,,,,200,
75,Mi 11i,https://www.gsmarena.com/xiaomi_mi_11i-10777.php,20:9,107.41,1080x2400,"6.67""",,,,,,,200,
76,Mi 11X,https://www.gsmarena.com/xiaomi_mi_11x-10775.php,20:9,107.41,1080x2400,"6.67""",,,,,,,200,
77,Mi 11X Pro,https://www.gsmarena.com/xiaomi_mi_11x_pro-10776.php,20:9,107.41,1080x2400,"6.67""",,,,,,,200,
78,Mi 1S,https://www.gsmarena.com/xiaomi_mi_1s-4929.php,16:9,44.11,480x854,"4.0""",,,,,,,200,
79,Mi 2,https://www.gsmarena.com/xiaomi_mi_2-4928.php,16:9,50.97,720x1280,"4.3""",,,,,,,200,
80,Mi 2A,https://www.gsmarena.com/xiaomi_mi_2a-5646.php,16:9,55.82,720x1280,"4.5""",,,,,,,200,
81,Mi 2S,https://www.gsmarena.com/xiaomi_mi_2s-5397.php,16:9,50.97,720x1280,"4.3""",,,,,,,200,
82,Mi 3,https://www.gsmarena.com/xiaomi_mi_3-5678.php,16:9,68.92,1080x1920,"5.0""",,,,,,,200,
83,Mi 4,https://www.gsmarena.com/xiaomi_mi_4-6518.php,16:9,68.92,1080x1920,"5.0""",,,,,,,200,
84,Mi 4 LTE,https://www.gsmarena.com/xiaomi_mi_4_lte-6866.php,16:9,68.92,1080x1920,"5.0""",,,,,,,200,
85,Mi 4c,https://www.gsmarena.com/xiaomi_mi_4c-7512.php,16:9,68.92,1080x1920,"5.0""",,,,,,,200,
86,Mi 4i,https://www.gsmarena.com/xiaomi_mi_4i-7211.php,16:9,68.92,1080x1920,"5.0""",,,,,,,200,
87,Mi 4s,https://www.gsmarena.com/xiaomi_mi_4s-7962.php,16:9,68.92,1080x1920,"5.0""",,,,,,,200,
88,Mi 5,https://www.gsmarena.com/xiaomi_mi_5-6948.php,16:9,73.12,1080x1920,"5.15""",,,,,,,200,
89,Mi 5c,https://www.gsmarena.com/xiaomi_mi_5c-8439.php,16:9,73.12,1080x1920,"5.15""",,,,,,,200,
90,Mi 5s,https://www.gsmarena.com/xiaomi_mi_5s-7260.php,16:9,73.12,1080x1920,"5.15""",,,,,,,200,
91,Mi 5s Plus,https://www.gsmarena.com/xiaomi_mi_5s_plus-8350.php,16:9,89.57,1080x1920,"5.7""",,,,,,,200,
92,Mi 6,https://www.gsmarena.com/xiaomi_mi_6-8507.php,16:9,73.12,1080x1920,"5.15""",,,,,,,200,
93,Mi 6 Plus,https://www.gsmarena.com/xiaomi_mi_6_plus-8629.php,16:9,89.57,1080x1920,"5.7""",,,,,,,200,
94,Mi 6c,https://www.gsmarena.com/xiaomi_mi_6c-8798.php,16:9,73.12,1080x1920,"5.15""",,,,,,,200,
95,Mi 8,https://www.gsmarena.com/xiaomi_mi_8-9065.php,,,1080x2248,"6.21""",,,,,,,200,
96,Mi 8 Explorer,https://www.gsmarena.com/xiaomi_mi_8_explorer-9218.php,,,1080x2248,"6.21""",,,,,,,200,
97,Mi 8 Lite,https://www.gsmarena.com/xiaomi_mi_8_lite-9329.php,19:9,97.81,1080x2280,"6.26""",,,,,,,200,
98,Mi 8 Pro,https://www.gsmarena.com/xiaomi_mi_8_pro-9336.php,,,1080x2248,"6.21""",,,,,,,200,
99,Mi 8 SE,https://www.gsmarena.com/xiaomi_mi_8_se-9219.php,18.7:9,87.16,1080x2244,"5.88""",,,,,,,200,
100,Mi 9,https://www.gsmarena.com/xiaomi_mi_9-9507.php,19.5:9,100.23,1080x2340,"6.39""",,,,,,,200,
101,Mi 9 Explorer,https://www.gsmarena.com/xiaomi_mi_9_explorer-9584.php,19.5:9,100.23,1080x2340,"6.39""",,,,,,,200,
102,Mi 9 Lite,https://www.gsmarena.com/xiaomi_mi_9_lite-9862.php,19.5:9,100.23,1080x2340,"6.39""",,,,,,,200,
103,Mi 9 Pro,https://www.gsmarena.com/xiaomi_mi_9_pro-9891.php,19.5:9,100.23,1080x2340,"6.39""",,,,,,,200,
104,Mi 9 Pro 5G,https://www.gsmarena.com/xiaomi_mi_9_pro_5g-9892.php,19.5:9,100.23,1080x2340,"6.39""",,,,,,,200,
105,Mi 9 SE,https://www.gsmarena.com/xiaomi_mi_9_se-9583.php,19.5:9,87.49,1080x2340,"5.97""",,,,,,,200,
106,Mi 9T,https://www.gsmarena.com/xiaomi_mi_9t-9738.php,19.5:9,100.23,1080x2340,"6.39""",,,,,,,200,
107,Mi 9T Pro,https://www.gsmarena.com/xiaomi_mi_9t_pro-9791.php,19.5:9,100.23,1080x2340,"6.39""",,,,,,,200,
108,Mi 9X,https://www.gsmarena.com/xiaomi_mi_9x-9650.php,19.5:9,100.23,1080x2340,"6.39""",,,,,,,200,
109,Mi A1 (Mi 5X),https://www.gsmarena.com/xiaomi_mi_a1_(mi_5x)-8776.php,16:9,83.39,1080x1920,"5.5""",,,,,,,200,
110,Mi A2 (Mi 6X),https://www.gsmarena.com/xiaomi_mi_a2_(mi_6x)-9140.php,18:9,92.59,1080x2160,"5.99""",,,,,,,200,
111,Mi A2 Lite (Redmi 6 Pro),https://www.gsmarena.com/xiaomi_mi_a2_lite_(redmi_6_pro)-9247.php,19:9,85.13,1080x2280,"5.84""",,,,,,,200,
112,Mi A3,https://www.gsmarena.com/xiaomi_mi_a3-9769.php,19.5:9,91.04,720x1560,"6.09""",,,,,,,200,
113,Mi CC9,https://www.gsmarena.com/xiaomi_mi_cc9-9749.php,19.5:9,100.23,1080x2340,"6.39""",,,,,,,200,
114,Mi CC9 Pro,https://www.gsmarena.com/xiaomi_mi_cc9_pro-9935.php,19.5:9,102.76,1080x2340,"6.47""",,,,,,,200,
115,Mi CC9e,https://www.gsmarena.com/xiaomi_mi_cc9e-9759.php,19.5:9,88.67,720x1560,"6.01""",,,,,,,200,
116,Mi Max,https://www.gsmarena.com/xiaomi_mi_max-8057.php,16:9,114.33,1080x1920,"6.44""",,,,,,,200,
117,Mi Max 2,https://www.gsmarena.com/xiaomi_mi_max_2-8582.php,16:9,114.33,1080x1920,"6.44""",,,,,,,200,
118,Mi Max 3,https://www.gsmarena.com/xiaomi_mi_max_3-8963.php,18:9,122.86,1080x2160,"6.9""",,,,,,,200,
119,Mi Max 4,https://www.gsmarena.com/xiaomi_mi_max_4-9551.php,,,1080x2310,"7.2""",,,,,,,200,
120,Mi Max 4 Pro,https://www.gsmarena.com/xiaomi_mi_max_4_pro-9552.php,,,1080x2310,"7.2""",,,,,,,200,
121,Mi Mix,https://www.gsmarena.com/xiaomi_mi_mix-8400.php,17:9,109.27,1080x2040,"6.4""",,,,,,,200,
122,Mi Mix 2,https://www.gsmarena.com/xiaomi_mi_mix_2-8529.php,18:9,92.59,1080x2160,"5.99""",,,,,,,200,
123,Mi Mix 2S,https://www.gsmarena.com/xiaomi_mi_mix_2s-9067.php,18:9,92.59,1080x2160,"5.99""",,,,,,,200,
124,Mi Mix 3,https://www.gsmarena.com/xiaomi_mi_mix_3-9378.php,19.5:9,100.23,1080x2340,"6.39""",,,,,,,200,
125,Mi Mix 3 5G,https://www.gsmarena.com/xiaomi_mi_mix_3_5g-9602.php,19.5:9,100.23,1080x2340,"6.39""",,,,,,,200,
126,Mi Mix Alpha,https://www.gsmarena.com/xiaomi_mi_mix_alpha-9893.php,,,2088x2250,"7.92""",,,,,,,200,
127,Mi Mix Fold,https://www.gsmarena.com/xiaomi_mi_mix_fold-10817.php,4:3,198.69,1860x2480,"8.01""",,,,,,,200,
128,Mi Note,https://www.gsmarena.com/xiaomi_mi_note-6944.php,16:9,89.57,1080x1920,"5.7""",,,,,,,200,
129,Mi Note 10,https://www.gsmarena.com/xiaomi_mi_note_10-9936.php,19.5:9,102.76,1080x2340,"6.47""",,,,,,,200,
130,Mi Note 10 Lite,https://www.gsmarena.com/xiaomi_mi_note_10_lite-10183.php,19.5:9,102.76,1080x2340,"6.47""",,,,,,,200,
131,Mi Note 10 Pro,https://www.gsmarena.com/xiaomi_mi_note_10_pro-9945.php,19.5:9,102.76,1080x2340,"6.47""",,,,,,,200,
132,Mi Note 2,https://www.gsmarena.com/xiaomi_mi_note_2-8014.php,16:9,89.57,1080x1920,"5.7""",,,,,,,200,
133,Mi Note 3,https://www.gsmarena.com/xiaomi_mi_note_3-8707.php,16:9,83.39,1080x1920,"5.5""",,,,,,,200,
134,Mi Note Plus,https://www.gsmarena.com/xiaomi_mi_note_plus-6960.php,16:9,89.57,1440x2560,"5.7""",,,,,,,200,
135,Mi Note Pro,https://www.gsmarena.com/xiaomi_mi_note_pro-6952.php,16:9,89.57,1440x2560,"5.7""",,,,,,,200,
136,Mi Play,https://www.gsmarena.com/xiaomi_mi_play-9499.php,19:9,85.13,1080x2280,"5.84""",,,,,,,200,
137,Mix 4,https://www.gsmarena.com/xiaomi_mix_4-11040.php,20:9,107.41,1080x2400,"6.67""",,,,,,,200,
138,Mix Flip,https://www.gsmarena.com/xiaomi_mix_flip-13221.php,21:20,151.62,1224x2912,"6.86""",,,,,,,200,
139,Mix Flip 2,https://www.gsmarena.com/xiaomi_mix_flip_2_5g-13980.php,,,1224x2912,"6.86""",,,,,,,200,
140,Mix Fold 2,https://www.gsmarena.com/xiaomi_mix_fold_2-11758.php,21:9,150.25,1914x2160,"8.02""",,,,,,,200,
141,Mix Fold 3,https://www.gsmarena.com/xiaomi_mix_fold_3-12468.php,21:9,150.62,1916x2160,"8.03""",,,,,,,200,
142,Mix Fold 4,https://www.gsmarena.com/xiaomi_mix_fold_4-13222.php,21:9,148.75,2224x2488,"7.98""",,,,,,,200,
143,Poco C3,https://www.gsmarena.com/xiaomi_poco_c3-10482.php,20:9,99.82,720x1600,"6.43""",,,,,,,200,
144,Poco C31,https://www.gsmarena.com/xiaomi_poco_c31-11134.php,20:9,102.95,720x1600,"6.53""",,,,,,,200,
145,Poco C40,https://www.gsmarena.com/xiaomi_poco_c40-11468.php,,,720x1650,"6.71""",,,,,,,200,
146,Poco C50,https://www.gsmarena.com/xiaomi_poco_c50-12053.php,20:9,102.63,720x1600,"6.52""",,,,,,,200,
147,Poco C51,https://www.gsmarena.com/xiaomi_poco_c51-12215.php,20:9,102.63,720x1600,"6.52""",,,,,,,200,
148,Poco C55,https://www.gsmarena.com/xiaomi_poco_c55-12126.php,,,720x1650,"6.71""",,,,,,,200,
149,Poco C61,https://www.gsmarena.com/xiaomi_poco_c61-12886.php,,,720x1650,"6.71""",,,,,,,200,
150,Poco C65,https://www.gsmarena.com/xiaomi_poco_c65-12684.php,20:9,109.68,720x1600,"6.74""",,,,,,,200,
151,Poco C71,https://www.gsmarena.com/xiaomi_poco_c71_4g-13767.php,,,720x1640,"6.88""",,,,,,,200,
152,Poco C75,https://www.gsmarena.com/xiaomi_poco_c75-13435.php,,,720x1640,"6.88""",,,,,,,200,
153,Poco C75 5G,https://www.gsmarena.com/xiaomi_poco_c75_5g-13571.php,,,720x1640,"6.88""",,,,,,,200,
154,Poco C85 4G,https://www.gsmarena.com/xiaomi_poco_c85-14110.php,20:9,114.95,720x1600,"6.9""",,,,,,,200,
155,Poco C85,https://www.gsmarena.com/xiaomi_poco_c85_5g-14337.php,20:9,114.95,720x1600,"6.9""",,,,,,,200,
156,Poco F2 Pro,https://www.gsmarena.com/xiaomi_poco_f2_pro-10220.php,20:9,107.41,1080x2400,"6.67""",,,,,,,200,
157,Poco F3,https://www.gsmarena.com/xiaomi_poco_f3-10758.php,20:9,107.41,1080x2400,"6.67""",,,,,,,200,
158,Poco F3 GT,https://www.gsmarena.com/xiaomi_poco_f3_gt-10886.php,20:9,107.41,1080x2400,"6.67""",,,,,,,200,
159,Poco F4,https://www.gsmarena.com/xiaomi_poco_f4-11627.php,20:9,107.41,1080x2400,"6.67""",,,,,,,200,
160,Poco F4 GT,https://www.gsmarena.com/xiaomi_poco_f4_gt-11479.php,20:9,107.41,1080x2400,"6.67""",,,,,,,200,
161,Poco F5,https://www.gsmarena.com/xiaomi_poco_f5-12258.php,20:9,107.41,1080x2400,"6.67""",,,,,,,200,
162,Poco F5 Pro,https://www.gsmarena.com/xiaomi_poco_f5_pro-12257.php,20:9,107.41,1440x3200,"6.67""",,,,,,,200,
163,Poco F6,https://www.gsmarena.com/xiaomi_poco_f6-13000.php,20:9,107.41,1220x2712,"6.67""",,,,,,,200,
164,Poco F6 Pro,https://www.gsmarena.com/xiaomi_poco_f6_pro-12992.php,20:9,107.41,1440x3200,"6.67""",,,,,,,200,
165,Poco F7,https://www.gsmarena.com/xiaomi_poco_f7_5g-13951.php,19.5:9,114.51,1280x2772,"6.83""",,,,,,,200,
166,Poco F7 Pro,https://www.gsmarena.com/xiaomi_poco_f7_pro-13724.php,20:9,107.41,1440x3200,"6.67""",,,,,,,200,
167,Poco F7 Ultra,https://www.gsmarena.com/xiaomi_poco_f7_ultra-13723.php,20:9,107.41,1440x3200,"6.67""",,,,,,,200,
168,Poco F8 Pro,https://www.gsmarena.com/xiaomi_poco_f8_pro_5g-14303.php,,,,,,,,,,,503,HTTP 503 Service Unavailable
169,Poco F8 Ultra,https://www.gsmarena.com/xiaomi_poco_f8_ultra_5g-14301.php,19.5:9,116.87,1200x2608,"6.9""",,,,,,,200,
170,Poco M2,https://www.gsmarena.com/xiaomi_poco_m2-10434.php,19.5:9,104.67,1080x2340,"6.53""",,,,,,,200,
171,Poco M2 Pro,https://www.gsmarena.com/xiaomi_poco_m2_pro-10318.php,20:9,107.41,1080x2400,"6.67""",,,,,,,200,
172,Poco M2 Reloaded,https://www.gsmarena.com/xiaomi_poco_m2_reloaded-10867.php,19.5:9,104.67,1080x2340,"6.53""",,,,,,,200,
173,Poco M3,https://www.gsmarena.com/xiaomi_poco_m3-10599.php,19.5:9,104.67,1080x2340,"6.53""",,,,,,,200,
174,Poco M3 Pro,https://www.gsmarena.com/xiaomi_poco_m3_pro-10916.php,20:9,102.01,1080x2400,"6.5""",,,,,,,200,
175,Poco M3 Pro 5G,https://www.gsmarena.com/xiaomi_poco_m3_pro_5g-10857.php,20:9,102.01,1080x2400,"6.5""",,,,,,,200,
176,Poco M4 5G,https://www.gsmarena.com/xiaomi_poco_m4_5g-11762.php,20:9,104.53,1080x2408,"6.58""",,,,,,,200,
177,Poco M4 5G (India),https://www.gsmarena.com/xiaomi_poco_m4_5g_(india)-11427.php,20:9,104.53,1080x2400,"6.58""",,,,,,,200,
178,Poco M4 Pro,https://www.gsmarena.com/xiaomi_poco_m4_pro-11388.php,20:9,99.82,1080x2400,"6.43""",,,,,,,200,
179,Poco M4 Pro 5G,https://www.gsmarena.com/xiaomi_poco_m4_pro_5g-11193.php,20:9,105.17,1080x2400,"6.6""",,,,,,,200,
180,Poco M5,https://www.gsmarena.com/xiaomi_poco_m5-11850.php,20:9,104.53,1080x2408,"6.58""",,,,,,,200,
181,Poco M5 (India),https://www.gsmarena.com/xiaomi_poco_m5_(india)-11869.php,20:9,104.53,1080x2400,"6.58""",,,,,,,200,
182,Poco M5s,https://www.gsmarena.com/xiaomi_poco_m5s-11832.php,20:9,99.82,1080x2400,"6.43""",,,,,,,200,
183,Poco M6,https://www.gsmarena.com/xiaomi_poco_m6-12737.php,20:9,109.68,720x1600,"6.74""",,,,,,,200,
184,Poco M6 4G,https://www.gsmarena.com/xiaomi_poco_m6_4g-13131.php,,,1080x2460,"6.79""",,,,,,,200,
185,Poco M6 Plus,https://www.gsmarena.com/xiaomi_poco_m6_plus-13119.php,,,1080x2460,"6.79""",,,,,,,200,
186,Poco M6 Pro,https://www.gsmarena.com/xiaomi_poco_m6_pro-12452.php,,,1080x2460,"6.79""",,,,,,,200,
187,Poco M6 Pro 4G,https://www.gsmarena.com/xiaomi_poco_m6_pro_4g-12779.php,20:9,107.41,1080x2400,"6.67""",,,,,,,200,
188,Poco M7 4G,https://www.gsmarena.com/xiaomi_poco_m7-14071.php,19.5:9,116.87,1080x2340,"6.9""",,,,,,,200,
189,Poco M7,https://www.gsmarena.com/xiaomi_poco_m7_5g-13678.php,,,720x1640,"6.88""",,,,,,,200,
190,Poco M7 Plus,https://www.gsmarena.com/xiaomi_poco_m7_plus_5g-14046.php,19.5:9,116.87,1080x2340,"6.9""",,,,,,,200,
191,Poco M7 Pro 5G,https://www.gsmarena.com/xiaomi_poco_m7_pro_5g-13570.php,20:9,107.41,1080x2400,"6.67""",,,,,,,200,
192,Poco X2,https://www.gsmarena.com/xiaomi_poco_x2-10050.php,20:9,107.41,1080x2400,"6.67""",,,,,,,200,
193,Poco X3,https://www.gsmarena.com/xiaomi_poco_x3-10461.php,20:9,107.41,1080x2400,"6.67""",,,,,,,200,
194,Poco X3 GT,https://www.gsmarena.com/xiaomi_poco_x3_gt-10949.php,20:9,105.17,1080x2400,"6.6""",,,,,,,200,
195,Poco X3 NFC,https://www.gsmarena.com/xiaomi_poco_x3_nfc-10415.php,20:9,107.41,1080x2400,"6.67""",,,,,,,200,
196,Poco X3 Pro,https://www.gsmarena.com/xiaomi_poco_x3_pro-10802.php,20:9,107.41,1080x2400,"6.67""",,,,,,,200,
197,Poco X4 GT,https://www.gsmarena.com/xiaomi_poco_x4_gt-11626.php,1190:1,0.24,1080x2460,"6.6""",,,,,,,200,
198,Poco X4 NFC,https://www.gsmarena.com/xiaomi_poco_x4_nfc-11242.php,20:9,107.41,1080x2400,"6.67""",,,,,,,200,
199,Poco X4 Pro 5G,https://www.gsmarena.com/xiaomi_poco_x4_pro_5g-11371.php,20:9,107.41,1080x2400,"6.67""",,,,,,,200,
200,Poco X5,https://www.gsmarena.com/xiaomi_poco_x5-12092.php,20:9,107.41,1080x2400,"6.67""",,,,,,,200,
201,Poco X5 Pro,https://www.gsmarena.com/xiaomi_poco_x5_pro-12094.php,20:9,107.41,1080x2400,"6.67""",,,,,,,200,
202,Poco X6,https://www.gsmarena.com/xiaomi_poco_x6-12723.php,20:9,107.41,1220x2712,"6.67""",,,,,,,200,
203,Poco X6 Neo,https://www.gsmarena.com/xiaomi_poco_x6_neo-12863.php,20:9,107.41,1080x2400,"6.67""",,,,,,,200,
204,Poco X6 Pro,https://www.gsmarena.com/xiaomi_poco_x6_pro-12717.php,20:9,107.41,1220x2712,"6.67""",,,,,,,200,
205,Poco X7,https://www.gsmarena.com/xiaomi_poco_x7-13604.php,20:9,107.41,1220x2712,"6.67""",,,,,,,200,
206,Poco X7 Pro,https://www.gsmarena.com/xiaomi_poco_x7_pro-13582.php,20:9,107.41,1220x2712,"6.67""",,,,,,,200,
207,Pocophone F1,https://www.gsmarena.com/xiaomi_pocophone_f1-9293.php,18.7:9,96.29,1080x2246,"6.18""",,,,,,,200,
208,Redmi,https://www.gsmarena.com/xiaomi_redmi-5609.php,16:9,60.90,720x1280,"4.7""",,,,,,,200,
209,Redmi 10,https://www.gsmarena.com/xiaomi_redmi_10-11060.php,20:9,102.01,1080x2400,"6.5""",,,,,,,200,
210,Redmi 10 (India),https://www.gsmarena.com/xiaomi_redmi_10_(india)-11424.php,,,720x1650,"6.7""",,,,,,,200,
211,Redmi 10 2022,https://www.gsmarena.com/xiaomi_redmi_10_2022-11357.php,20:9,102.01,1080x2400,"6.5""",,,,,,,200,
212,Redmi 10 5G,https://www.gsmarena.com/xiaomi_redmi_10_5g-11425.php,20:9,104.53,1080x2408,"6.58""",,,,,,,200,
213,Redmi 10 Power,https://www.gsmarena.com/xiaomi_redmi_10_power-11486.php,,,720x1650,"6.7""",,,,,,,200,
214,Redmi 10 Prime+ 5G,https://www.gsmarena.com/xiaomi_redmi_10_prime+_5g-11426.php,20:9,104.53,1080x2408,"6.58""",,,,,,,200,
215,Redmi 10 Prime,https://www.gsmarena.com/xiaomi_redmi_10_prime-11079.php,20:9,102.01,1080x2400,"6.5""",,,,,,,200,
216,Redmi 10 Prime 2022,https://www.gsmarena.com/xiaomi_redmi_10_prime_2022-11519.php,20:9,102.01,1080x2400,"6.5""",,,,,,,200,
217,Redmi 10A,https://www.gsmarena.com/xiaomi_redmi_10a-11449.php,20:9,102.95,720x1600,"6.53""",,,,,,,200,
218,Redmi 10C,https://www.gsmarena.com/xiaomi_redmi_10c-11418.php,,,720x1650,"6.71""",,,,,,,200,
219,Redmi 10X 4G,https://www.gsmarena.com/xiaomi_redmi_10x_4g-10202.php,19.5:9,104.67,1080x2340,"6.53""",,,,,,,200,
220,Redmi 10X 5G,https://www.gsmarena.com/xiaomi_redmi_10x_5g-10266.php,20:9,104.21,1080x2400,"6.57""",,,,,,,200,
221,Redmi 10X Pro 5G,https://www.gsmarena.com/xiaomi_redmi_10x_pro_5g-10267.php,20:9,104.21,1080x2400,"6.57""",,,,,,,200,
222,Redmi 11,https://www.gsmarena.com/xiaomi_redmi_11-11574.php,20:9,104.53,1080x2408,"6.58""",,,,,,,200,
223,Redmi 11 Prime,https://www.gsmarena.com/xiaomi_redmi_11_prime-11855.php,20:9,104.53,1080x2408,"6.58""",,,,,,,200,
224,Redmi 11 Prime 5G,https://www.gsmarena.com/xiaomi_redmi_11_prime_5g-11834.php,20:9,104.53,1080x2408,"6.58""",,,,,,,200,
225,Redmi 11A,https://www.gsmarena.com/xiaomi_redmi_11a-11982.php,,,720x1650,"6.7""",,,,,,,200,
226,Redmi 12,https://www.gsmarena.com/xiaomi_redmi_12-12328.php,1507:1,0.20,1080x2460,"6.79""",,,,,,,200,
227,Redmi 12 5G,https://www.gsmarena.com/xiaomi_redmi_12_5g-12446.php,,,1080x2460,"6.79""",,,,,,,200,
228,Redmi 12C,https://www.gsmarena.com/xiaomi_redmi_12c-12051.php,,,720x1650,"6.71""",,,,,,,200,
229,Redmi 13,https://www.gsmarena.com/xiaomi_redmi_13-13102.php,1300:1,0.23,1080x2460,"6.79""",,,,,,,200,
230,Redmi 13 5G,https://www.gsmarena.com/xiaomi_redmi_13_5g-13157.php,,,1080x2460,"6.79""",,,,,,,200,
231,Redmi 13C,https://www.gsmarena.com/xiaomi_redmi_13c-12689.php,20:9,109.68,720x1600,"6.74""",,,,,,,200,
232,Redmi 13C 5G,https://www.gsmarena.com/xiaomi_redmi_13c_5g-12726.php,20:9,109.68,720x1600,"6.74""",,,,,,,200,
233,Redmi 13R,https://www.gsmarena.com/xiaomi_redmi_13r-12735.php,20:9,109.68,720x1600,"6.74""",,,,,,,200,
234,Redmi 13x,https://www.gsmarena.com/xiaomi_redmi_13x_4g-13764.php,,,1080x2460,"6.79""",,,,,,,200,
235,Redmi 14C,https://www.gsmarena.com/xiaomi_redmi_14c-13291.php,,,720x1640,"6.88""",,,,,,,200,
236,Redmi 14C (China),https://www.gsmarena.com/xiaomi_redmi_14c_(china)-13627.php,,,720x1640,"6.88""",,,,,,,200,
237,Redmi 14C 5G,https://www.gsmarena.com/xiaomi_redmi_14c_5g-13595.php,,,720x1640,"6.88""",,,,,,,200,
238,Redmi 14R,https://www.gsmarena.com/xiaomi_redmi_14r-13338.php,,,720x1640,"6.88""",,,,,,,200,
239,Redmi 15 4G,https://www.gsmarena.com/xiaomi_redmi_15-14037.php,19.5:9,116.87,1080x2340,"6.9""",,,,,,,200,
240,Redmi 15,https://www.gsmarena.com/xiaomi_redmi_15_5g-14036.php,19.5:9,116.87,1080x2340,"6.9""",,,,,,,200,
241,Redmi 15C 4G,https://www.gsmarena.com/xiaomi_redmi_15c_4g-14005.php,20:9,114.95,720x1600,"6.9""",,,,,,,200,
242,Redmi 15C,https://www.gsmarena.com/xiaomi_redmi_15c_5g-14039.php,20:9,114.95,720x1600,"6.9""",,,,,,,200,
243,Redmi 1S,https://www.gsmarena.com/xiaomi_redmi_1s-6373.php,16:9,60.90,720x1280,"4.7""",,,,,,,200,
244,Redmi 2,https://www.gsmarena.com/xiaomi_redmi_2-6884.php,16:9,60.90,720x1280,"4.7""",,,,,,,200,
245,Redmi 20X,https://www.gsmarena.com/xiaomi_redmi_20x-10832.php,20:9,102.01,1080x2400,"6.5""",,,,,,,200,
246,Redmi 2 Prime,https://www.gsmarena.com/xiaomi_redmi_2_prime-7480.php,16:9,60.90,720x1280,"4.7""",,,,,,,200,
247,Redmi 2 Pro,https://www.gsmarena.com/xiaomi_redmi_2_pro-7710.php,16:9,60.90,720x1280,"4.7""",,,,,,,200,
248,Redmi 2A,https://www.gsmarena.com/xiaomi_redmi_2a-7159.php,16:9,60.90,720x1280,"4.7""",,,,,,,200,
249,Redmi 3,https://www.gsmarena.com/xiaomi_redmi_3-7862.php,16:9,68.92,720x1280,"5.0""",,,,,,,200,
250,Redmi 3 Pro,https://www.gsmarena.com/xiaomi_redmi_3_pro-8007.php,16:9,68.92,720x1280,"5.0""",,,,,,,200,
251,Redmi 3s,https://www.gsmarena.com/xiaomi_redmi_3s-8150.php,16:9,68.92,720x1280,"5.0""",,,,,,,200,
252,Redmi 3s Prime,https://www.gsmarena.com/xiaomi_redmi_3s_prime-8250.php,16:9,68.92,720x1280,"5.0""",,,,,,,200,
253,Redmi 3x,https://www.gsmarena.com/xiaomi_redmi_3x-8212.php,16:9,68.92,720x1280,"5.0""",,,,,,,200,
254,Redmi 4 (4X),https://www.gsmarena.com/xiaomi_redmi_4_(4x)-8608.php,16:9,68.92,720x1280,"5.0""",,,,,,,200,
255,Redmi 4 (China),https://www.gsmarena.com/xiaomi_redmi_4_(china)-8419.php,16:9,68.92,720x1280,"5.0""",,,,,,,200,
256,Redmi 4 Prime,https://www.gsmarena.com/xiaomi_redmi_4_prime-8263.php,16:9,68.92,1080x1920,"5.0""",,,,,,,200,
257,Redmi 4A,https://www.gsmarena.com/xiaomi_redmi_4a-8420.php,16:9,68.92,720x1280,"5.0""",,,,,,,200,
258,Redmi 5,https://www.gsmarena.com/xiaomi_redmi_5-8768.php,18:9,83.84,720x1440,"5.7""",,,,,,,200,
259,Redmi 5 Plus (Redmi Note 5),https://www.gsmarena.com/xiaomi_redmi_5_plus_(redmi_note_5)-8959.php,18:9,92.59,1080x2160,"5.99""",,,,,,,200,
260,Redmi 5A,https://www.gsmarena.com/xiaomi_redmi_5a-8898.php,16:9,68.92,720x1280,"5.0""",,,,,,,200,
261,Redmi 6,https://www.gsmarena.com/xiaomi_redmi_6-9237.php,18:9,76.65,720x1440,"5.45""",,,,,,,200,
262,Redmi 6A,https://www.gsmarena.com/xiaomi_redmi_6a-9217.php,18:9,76.65,720x1440,"5.45""",,,,,,,200,
263,Redmi 7,https://www.gsmarena.com/xiaomi_redmi_7-9498.php,19:9,97.81,720x1520,"6.26""",,,,,,,200,
264,Redmi 7A,https://www.gsmarena.com/xiaomi_redmi_7a-9716.php,18:9,76.65,720x1440,"5.45""",,,,,,,200,
265,Redmi 8,https://www.gsmarena.com/xiaomi_redmi_8-9800.php,19:9,96.57,720x1520,"6.22""",,,,,,,200,
266,Redmi 8A,https://www.gsmarena.com/xiaomi_redmi_8a-9897.php,19:9,96.57,720x1520,"6.22""",,,,,,,200,
267,Redmi 8A Dual,https://www.gsmarena.com/xiaomi_redmi_8a_dual-10078.php,19:9,96.57,720x1520,"6.22""",,,,,,,200,
268,Redmi 8A Pro,https://www.gsmarena.com/xiaomi_redmi_8a_pro-10169.php,19:9,96.57,720x1520,"6.22""",,,,,,,200,
269,Redmi 9,https://www.gsmarena.com/xiaomi_redmi_9-10233.php,19.5:9,104.67,1080x2340,"6.53""",,,,,,,200,
270,Redmi 9 (India),https://www.gsmarena.com/xiaomi_redmi_9_(india)-10398.php,20:9,102.95,720x1600,"6.53""",,,,,,,200,
271,Redmi 9 Activ,https://www.gsmarena.com/xiaomi_redmi_9_activ-11127.php,20:9,102.95,720x1600,"6.53""",,,,,,,200,
272,Redmi 9 Power,https://www.gsmarena.com/xiaomi_redmi_9_power-10616.php,19.5:9,104.67,1080x2340,"6.53""",,,,,,,200,
273,Redmi 9 Prime,https://www.gsmarena.com/xiaomi_redmi_9_prime-10353.php,19.5:9,104.67,1080x2340,"6.53""",,,,,,,200,
274,Redmi 9A,https://www.gsmarena.com/xiaomi_redmi_9a-10279.php,20:9,102.95,720x1600,"6.53""",,,,,,,200,
275,Redmi 9A Sport,https://www.gsmarena.com/xiaomi_redmi_9a_sport-11128.php,20:9,102.95,720x1600,"6.53""",,,,,,,200,
276,Redmi 9AT,https://www.gsmarena.com/xiaomi_redmi_9at-10591.php,20:9,102.95,720x1600,"6.53""",,,,,,,200,
277,Redmi 9C,https://www.gsmarena.com/xiaomi_redmi_9c-10278.php,20:9,102.95,720x1600,"6.53""",,,,,,,200,
278,Redmi 9C NFC,https://www.gsmarena.com/xiaomi_redmi_9c_nfc-10277.php,20:9,102.95,720x1600,"6.53""",,,,,,,200,
279,Redmi 9i,https://www.gsmarena.com/xiaomi_redmi_9i-10399.php,20:9,102.95,720x1600,"6.53""",,,,,,,200,
280,Redmi 9i Sport,https://www.gsmarena.com/xiaomi_redmi_9i_sport-11129.php,20:9,102.95,720x1600,"6.53""",,,,,,,200,
281,Redmi 9T,https://www.gsmarena.com/xiaomi_redmi_9t-10670.php,19.5:9,104.67,1080x2340,"6.53""",,,,,,,200,
282,Redmi A1+,https://www.gsmarena.com/xiaomi_redmi_a1+-11909.php,20:9,102.63,720x1600,"6.52""",,,,,,,200,
283,Redmi A1,https://www.gsmarena.com/xiaomi_redmi_a1-11848.php,20:9,102.63,720x1600,"6.52""",,,,,,,200,
284,Redmi A2+,https://www.gsmarena.com/xiaomi_redmi_a2+-12197.php,20:9,102.63,720x1600,"6.52""",,,,,,,200,
285,Redmi A2,https://www.gsmarena.com/xiaomi_redmi_a2-12124.php,20:9,102.63,720x1600,"6.52""",,,,,,,200,
286,Redmi A3,https://www.gsmarena.com/xiaomi_redmi_a3-12822.php,,,720x1650,"6.71""",,,,,,,200,
287,Redmi A3 Pro,https://www.gsmarena.com/xiaomi_redmi_a3_pro-13432.php,,,720x1640,"6.88""",,,,,,,200,
288,Redmi A3x,https://www.gsmarena.com/xiaomi_redmi_a3x-13053.php,,,720x1650,"6.71""",,,,,,,200,
289,Redmi A4,https://www.gsmarena.com/xiaomi_redmi_a4-13444.php,,,720x1640,"6.88""",,,,,,,200,
290,Redmi A5 4G,https://www.gsmarena.com/xiaomi_redmi_a5_4g-13737.php,45:26,132.28,720x1640,"6.88""",,,,,,,200,
291,Redmi Go,https://www.gsmarena.com/xiaomi_redmi_go-9534.php,16:9,68.92,720x1280,"5.0""",,,,,,,200,
292,Redmi K20,https://www.gsmarena.com/xiaomi_redmi_k20-9720.php,19.5:9,100.23,1080x2340,"6.39""",,,,,,,200,
293,Redmi K20 Pro,https://www.gsmarena.com/xiaomi_redmi_k20_pro-9708.php,19.5:9,100.23,1080x2340,"6.39""",,,,,,,200,
294,Redmi K20 Pro Premium,https://www.gsmarena.com/xiaomi_redmi_k20_pro_premium-9884.php,19.5:9,100.23,1080x2340,"6.39""",,,,,,,200,
295,Redmi K30,https://www.gsmarena.com/xiaomi_redmi_k30-9991.php,20:9,107.41,1080x2400,"6.67""",,,,,,,200,
296,Redmi K30 5G,https://www.gsmarena.com/xiaomi_redmi_k30_5g-9979.php,20:9,107.41,1080x2400,"6.67""",,,,,,,200,
297,Redmi K30 5G Racing,https://www.gsmarena.com/xiaomi_redmi_k30_5g_racing-10235.php,20:9,107.41,1080x2400,"6.67""",,,,,,,200,
298,Redmi K30 Pro,https://www.gsmarena.com/xiaomi_redmi_k30_pro-10140.php,20:9,107.41,1080x2400,"6.67""",,,,,,,200,
299,Redmi K30 Pro Zoom,https://www.gsmarena.com/xiaomi_redmi_k30_pro_zoom-10150.php,20:9,107.41,1080x2400,"6.67""",,,,,,,200,
300,Redmi K30 Ultra,https://www.gsmarena.com/xiaomi_redmi_k30_ultra-10349.php,20:9,107.41,1080x2400,"6.67""",,,,,,,200,
301,Redmi K30i 5G,https://www.gsmarena.com/xiaomi_redmi_k30i_5g-10200.php,20:9,107.41,1080x2400,"6.67""",,,,,,,200,
302,Redmi K30S,https://www.gsmarena.com/xiaomi_redmi_k30s-10517.php,20:9,107.41,1080x2400,"6.67""",,,,,,,200,
303,Redmi K40,https://www.gsmarena.com/xiaomi_redmi_k40-10728.php,20:9,107.41,1080x2400,"6.67""",,,,,,,200,
304,Redmi K40 Gaming,https://www.gsmarena.com/xiaomi_redmi_k40_gaming-10880.php,20:9,107.41,1080x2400,"6.67""",,,,,,,200,
305,Redmi K40 Pro+,https://www.gsmarena.com/xiaomi_redmi_k40_pro+-10752.php,20:9,107.41,1080x2400,"6.67""",,,,,,,200,
306,Redmi K40 Pro,https://www.gsmarena.com/xiaomi_redmi_k40_pro-10727.php,20:9,107.41,1080x2400,"6.67""",,,,,,,200,
307,Redmi K40S,https://www.gsmarena.com/xiaomi_redmi_k40s-11431.php,20:9,107.41,1080x2400,"6.67""",,,,,,,200,
308,Redmi K50,https://www.gsmarena.com/xiaomi_redmi_k50-11430.php,20:9,107.41,1440x3200,"6.67""",,,,,,,200,
309,Redmi K50 Gaming,https://www.gsmarena.com/xiaomi_redmi_k50_gaming-11362.php,20:9,107.41,1080x2400,"6.67""",,,,,,,200,
310,Redmi K50 Pro,https://www.gsmarena.com/xiaomi_redmi_k50_pro-11372.php,20:9,107.41,1440x3200,"6.67""",,,,,,,200,
311,Redmi K50 Ultra,https://www.gsmarena.com/xiaomi_redmi_k50_ultra-11580.php,20:9,107.41,1220x2712,"6.67""",,,,,,,200,
312,Redmi K50i,https://www.gsmarena.com/xiaomi_redmi_k50i-11653.php,,,1080x2460,"6.6""",,,,,,,200,
313,Redmi K60,https://www.gsmarena.com/xiaomi_redmi_k60-11975.php,20:9,107.41,1440x3200,"6.67""",,,,,,,200,
314,Redmi K60 Pro,https://www.gsmarena.com/xiaomi_redmi_k60_pro-12046.php,20:9,107.41,1440x3200,"6.67""",,,,,,,200,
315,Redmi K60 Ultra,https://www.gsmarena.com/xiaomi_redmi_k60_ultra-12470.php,20:9,107.41,1220x2712,"6.67""",,,,,,,200,
316,Redmi K60E,https://www.gsmarena.com/xiaomi_redmi_k60e-12047.php,20:9,107.41,1440x3200,"6.67""",,,,,,,200,
317,Redmi K70,https://www.gsmarena.com/xiaomi_redmi_k70-12715.php,20:9,107.41,1440x3200,"6.67""",,,,,,,200,
318,Redmi K70 Pro,https://www.gsmarena.com/xiaomi_redmi_k70_pro-12714.php,20:9,107.41,1440x3200,"6.67""",,,,,,,200,
319,Redmi K70 Ultra,https://www.gsmarena.com/xiaomi_redmi_k70_ultra-13215.php,20:9,107.41,1220x2712,"6.67""",,,,,,,200,
320,Redmi K70E,https://www.gsmarena.com/xiaomi_redmi_k70e-12716.php,20:9,107.41,1220x2712,"6.67""",,,,,,,200,
321,Redmi K80,https://www.gsmarena.com/xiaomi_redmi_k80-13525.php,20:9,107.41,1440x3200,"6.67""",,,,,,,200,
322,Redmi K80 Pro,https://www.gsmarena.com/xiaomi_redmi_k80_pro-13524.php,20:9,107.41,1440x3200,"6.67""",,,,,,,200,
323,Redmi K80 Ultra,https://www.gsmarena.com/xiaomi_redmi_k80_ultra_5g-13965.php,19.5:9,114.51,1280x2772,"6.83""",,,,,,,200,
324,Redmi K90,https://www.gsmarena.com/xiaomi_redmi_k90_5g-14280.php,19.5:9,106.61,1156x2510,"6.59""",,,,,,,200,
325,Redmi K90 Pro Max,https://www.gsmarena.com/xiaomi_redmi_k90_pro_max_5g-14252.php,19.5:9,116.87,1200x2608,"6.9""",,,,,,,200,
326,Redmi Note,https://www.gsmarena.com/xiaomi_redmi_note-6217.php,16:9,83.39,720x1280,"5.5""",,,,,,,200,
327,Redmi Note 10,https://www.gsmarena.com/xiaomi_redmi_note_10-10247.php,20:9,99.82,1080x2400,"6.43""",,,,,,,200,
328,Redmi Note 10 5G,https://www.gsmarena.com/xiaomi_redmi_note_10_5g-10768.php,20:9,102.01,1080x2400,"6.5""",,,,,,,200,
329,Redmi Note 10 Lite,https://www.gsmarena.com/xiaomi_redmi_note_10_lite-11137.php,20:9,107.41,1080x2400,"6.67""",,,,,,,200,
330,Redmi Note 10 Pro,https://www.gsmarena.com/xiaomi_redmi_note_10_pro-10662.php,20:9,107.41,1080x2400,"6.67""",,,,,,,200,
331,Redmi Note 10 Pro (China),https://www.gsmarena.com/xiaomi_redmi_note_10_pro_(china)-10930.php,20:9,105.17,1080x2400,"6.6""",,,,,,,200,
332,Redmi Note 10 Pro (India),https://www.gsmarena.com/xiaomi_redmi_note_10_pro_(india)-10771.php,20:9,107.41,1080x2400,"6.67""",,,,,,,200,
333,Redmi Note 10 Pro Max,https://www.gsmarena.com/xiaomi_redmi_note_10_pro_max-10770.php,20:9,107.41,1080x2400,"6.67""",,,,,,,200,
334,Redmi Note 10S,https://www.gsmarena.com/xiaomi_redmi_note_10s-10769.php,20:9,99.82,1080x2400,"6.43""",,,,,,,200,
335,Redmi Note 10T 5G,https://www.gsmarena.com/xiaomi_redmi_note_10t_5g-11008.php,20:9,102.01,1080x2400,"6.5""",,,,,,,200,
336,Redmi Note 11,https://www.gsmarena.com/xiaomi_redmi_note_11-11336.php,20:9,99.82,1080x2400,"6.43""",,,,,,,200,
337,Redmi Note 11 (China),https://www.gsmarena.com/xiaomi_redmi_note_11_(china)-11181.php,20:9,105.17,1080x2400,"6.6""",,,,,,,200,
338,Redmi Note 11 4G,https://www.gsmarena.com/xiaomi_redmi_note_11_4g-11241.php,20:9,102.01,1080x2400,"6.5""",,,,,,,200,
339,Redmi Note 11 Pro+ 5G,https://www.gsmarena.com/xiaomi_redmi_note_11_pro+_5g-11180.php,20:9,107.41,1080x2400,"6.67""",,,,,,,200,
340,Redmi Note 11 Pro+ 5G (India),https://www.gsmarena.com/xiaomi_redmi_note_11_pro+_5g_(india)-11412.php,20:9,107.41,1080x2400,"6.67""",,,,,,,200,
341,Redmi Note 11 Pro,https://www.gsmarena.com/xiaomi_redmi_note_11_pro-11334.php,20:9,107.41,1080x2400,"6.67""",,,,,,,200,
342,Redmi Note 11 Pro (China),https://www.gsmarena.com/xiaomi_redmi_note_11_pro_(china)-11159.php,20:9,107.41,1080x2400,"6.67""",,,,,,,200,
343,Redmi Note 11 Pro 5G,https://www.gsmarena.com/xiaomi_redmi_note_11_pro_5g-11333.php,20:9,107.41,1080x2400,"6.67""",,,,,,,200,
344,Redmi Note 11 SE (India),https://www.gsmarena.com/xiaomi_redmi_note_11_se_(india)-11819.php,20:9,99.82,1080x2400,"6.43""",,,,,,,200,
345,Redmi Note 11E,https://www.gsmarena.com/xiaomi_redmi_note_11e-11396.php,20:9,104.53,1080x2408,"6.58""",,,,,,,200,
346,Redmi Note 11E Pro,https://www.gsmarena.com/xiaomi_redmi_note_11e_pro-11395.php,20:9,107.41,1080x2400,"6.67""",,,,,,,200,
347,Redmi Note 11R,https://www.gsmarena.com/xiaomi_redmi_note_11r-11904.php,20:9,104.53,1080x2408,"6.58""",,,,,,,200,
348,Redmi Note 11S,https://www.gsmarena.com/xiaomi_redmi_note_11s-11335.php,20:9,99.82,1080x2400,"6.43""",,,,,,,200,
349,Redmi Note 11S 5G,https://www.gsmarena.com/xiaomi_redmi_note_11s_5g-11419.php,20:9,105.17,1080x2400,"6.6""",,,,,,,200,
350,Redmi Note 11SE,https://www.gsmarena.com/xiaomi_redmi_note_11se-11551.php,20:9,102.01,1080x2400,"6.5""",,,,,,,200,
351,Redmi Note 11T 5G,https://www.gsmarena.com/xiaomi_redmi_note_11t_5g-11217.php,20:9,105.17,1080x2400,"6.6""",,,,,,,200,
352,Redmi Note 11T Pro+,https://www.gsmarena.com/xiaomi_redmi_note_11t_pro+-11549.php,,,1080x2460,"6.6""",,,,,,,200,
353,Redmi Note 11T Pro,https://www.gsmarena.com/xiaomi_redmi_note_11t_pro-11550.php,,,1080x2460,"6.6""",,,,,,,200,
354,Redmi Note 12,https://www.gsmarena.com/xiaomi_redmi_note_12-12063.php,20:9,107.41,1080x2400,"6.67""",,,,,,,200,
355,Redmi Note 12 (China),https://www.gsmarena.com/xiaomi_redmi_note_12_(china)-11956.php,20:9,107.41,1080x2400,"6.67""",,,,,,,200,
356,Redmi Note 12 4G,https://www.gsmarena.com/xiaomi_redmi_note_12_4g-12188.php,20:9,107.41,1080x2400,"6.67""",,,,,,,200,
357,Redmi Note 12 Discovery,https://www.gsmarena.com/xiaomi_redmi_note_12_discovery-11953.php,20:9,107.41,1080x2400,"6.67""",,,,,,,200,
358,Redmi Note 12 Pro+,https://www.gsmarena.com/xiaomi_redmi_note_12_pro+-11954.php,20:9,107.41,1080x2400,"6.67""",,,,,,,200,
359,Redmi Note 12 Pro,https://www.gsmarena.com/xiaomi_redmi_note_12_pro-11955.php,20:9,107.41,1080x2400,"6.67""",,,,,,,200,
360,Redmi Note 12 Pro 4G,https://www.gsmarena.com/xiaomi_redmi_note_12_pro_4g-12209.php,20:9,107.41,1080x2400,"6.67""",,,,,,,200,
361,Redmi Note 12 Pro Speed,https://www.gsmarena.com/xiaomi_redmi_note_12_pro_speed-12045.php,20:9,107.41,1080x2400,"6.67""",,,,,,,200,
362,Redmi Note 12 Turbo,https://www.gsmarena.com/xiaomi_redmi_note_12_turbo-12181.php,20:9,107.41,1080x2400,"6.67""",,,,,,,200,
363,Redmi Note 12R,https://www.gsmarena.com/xiaomi_redmi_note_12r-12392.php,,,1080x2460,"6.79""",,,,,,,200,
364,Redmi Note 12R Pro,https://www.gsmarena.com/xiaomi_redmi_note_12r_pro-12245.php,20:9,107.41,1080x2400,"6.67""",,,,,,,200,
365,Redmi Note 12S,https://www.gsmarena.com/xiaomi_redmi_note_12s-12218.php,20:9,99.82,1080x2400,"6.43""",,,,,,,200,
366,Redmi Note 12T Pro,https://www.gsmarena.com/xiaomi_redmi_note_12t_pro-12298.php,,,1080x2460,"6.6""",,,,,,,200,
367,Redmi Note 13,https://www.gsmarena.com/xiaomi_redmi_note_13-12776.php,20:9,107.41,1080x2400,"6.67""",,,,,,,200,
368,Redmi Note 13 (China),https://www.gsmarena.com/xiaomi_redmi_note_13_(china)-12582.php,20:9,107.41,1080x2400,"6.67""",,,,,,,200,
369,Redmi Note 13 4G,https://www.gsmarena.com/xiaomi_redmi_note_13_4g-12750.php,20:9,107.41,1080x2400,"6.67""",,,,,,,200,
370,Redmi Note 13 Pro+,https://www.gsmarena.com/xiaomi_redmi_note_13_pro+-12572.php,20:9,107.41,1220x2712,"6.67""",,,,,,,200,
371,Redmi Note 13 Pro,https://www.gsmarena.com/xiaomi_redmi_note_13_pro-12581.php,20:9,107.41,1220x2712,"6.67""",,,,,,,200,
372,Redmi Note 13 Pro 4G,https://www.gsmarena.com/xiaomi_redmi_note_13_pro_4g-12749.php,20:9,107.41,1080x2400,"6.67""",,,,,,,200,
373,Redmi Note 13R,https://www.gsmarena.com/xiaomi_redmi_note_13r-13011.php,,,1080x2460,"6.79""",,,,,,,200,
374,Redmi Note 13R Pro,https://www.gsmarena.com/xiaomi_redmi_note_13r_pro-12697.php,20:9,107.41,1080x2400,"6.67""",,,,,,,200,
375,Redmi Note 14 5G (India),https://www.gsmarena.com/xiaomi_redmi_note_14-13559.php,20:9,107.41,1080x2400,"6.67""",,,,,,,200,
376,Redmi Note 14 5G (China),https://www.gsmarena.com/xiaomi_redmi_note_14_(china)-13366.php,20:9,107.41,1080x2400,"6.67""",,,,,,,200,
377,Redmi Note 14 4G,https://www.gsmarena.com/xiaomi_redmi_note_14_4g_(global)-13616.php,20:9,107.41,1080x2400,"6.67""",,,,,,,200,
378,Redmi Note 14 5G,https://www.gsmarena.com/xiaomi_redmi_note_14_5g_(global)-13615.php,20:9,107.41,1080x2400,"6.67""",,,,,,,200,
379,Redmi Note 14 Pro+ 5G (India),https://www.gsmarena.com/xiaomi_redmi_note_14_pro+-13364.php,20:9,107.41,1220x2712,"6.67""",,,,,,,200,
380,Redmi Note 14 Pro+ 5G,https://www.gsmarena.com/xiaomi_redmi_note_14_pro+_5g_(global)-13612.php,20:9,107.41,1220x2712,"6.67""",,,,,,,200,
381,Redmi Note 14 Pro 5G (India),https://www.gsmarena.com/xiaomi_redmi_note_14_pro-13355.php,20:9,107.41,1220x2712,"6.67""",,,,,,,200,
382,Redmi Note 14 Pro 4G,https://www.gsmarena.com/xiaomi_redmi_note_14_pro_4g_(global)-13614.php,20:9,107.41,1080x2400,"6.67""",,,,,,,200,
383,Redmi Note 14 Pro 5G,https://www.gsmarena.com/xiaomi_redmi_note_14_pro_5g_(global)-13613.php,20:9,107.41,1220x2712,"6.67""",,,,,,,200,
384,Redmi Note 14S,https://www.gsmarena.com/xiaomi_redmi_note_14s-13730.php,20:9,107.41,1080x2400,"6.67""",,,,,,,200,
385,Redmi Note 15 (China),https://www.gsmarena.com/xiaomi_redmi_note_15_5g_(china)-14092.php,,,1080x2392,"6.77""",,,,,,,200,
386,Redmi Note 15 Pro+ (China),https://www.gsmarena.com/xiaomi_redmi_note_15_pro+_5g_(china)-14091.php,,,1220x2772,"6.83""",,,,,,,200,
387,Redmi Note 15 Pro (China),https://www.gsmarena.com/xiaomi_redmi_note_15_pro_5g_(china)-14090.php,,,1220x2772,"6.83""",,,,,,,200,
388,Redmi Note 2,https://www.gsmarena.com/xiaomi_redmi_note_2-6992.php,16:9,83.39,1080x1920,"5.5""",,,,,,,200,
389,Redmi Note 3,https://www.gsmarena.com/xiaomi_redmi_note_3-7863.php,16:9,83.39,1080x1920,"5.5""",,,,,,,200,
390,Redmi Note 3 (MediaTek),https://www.gsmarena.com/xiaomi_redmi_note_3_(mediatek)-7769.php,16:9,83.39,1080x1920,"5.5""",,,,,,,200,
391,Redmi Note 4,https://www.gsmarena.com/xiaomi_redmi_note_4-8531.php,16:9,83.39,1080x1920,"5.5""",,,,,,,200,
392,Redmi Note 4 (MediaTek),https://www.gsmarena.com/xiaomi_redmi_note_4_(mediatek)-8291.php,16:9,83.39,1080x1920,"5.5""",,,,,,,200,
393,Redmi Note 4G,https://www.gsmarena.com/xiaomi_redmi_note_4g-6561.php,16:9,83.39,720x1280,"5.5""",,,,,,,200,
394,Redmi Note 4X,https://www.gsmarena.com/xiaomi_redmi_note_4x-8580.php,16:9,83.39,1080x1920,"5.5""",,,,,,,200,
395,Redmi Note 5 AI Dual Camera,https://www.gsmarena.com/xiaomi_redmi_note_5_ai_dual_camera-9120.php,18:9,92.59,1080x2160,"5.99""",,,,,,,200,
396,Redmi Note 5 Pro,https://www.gsmarena.com/xiaomi_redmi_note_5_pro-8893.php,18:9,92.59,1080x2160,"5.99""",,,,,,,200,
397,Redmi Note 6 Pro,https://www.gsmarena.com/xiaomi_redmi_note_6_pro-9333.php,19:9,97.81,1080x2280,"6.26""",,,,,,,200,
398,Redmi Note 7,https://www.gsmarena.com/xiaomi_redmi_note_7-9513.php,19.5:9,97.43,1080x2340,"6.3""",,,,,,,200,
399,Redmi Note 7 Pro,https://www.gsmarena.com/xiaomi_redmi_note_7_pro-9521.php,19.5:9,97.43,1080x2340,"6.3""",,,,,,,200,
400,Redmi Note 7S,https://www.gsmarena.com/xiaomi_redmi_note_7s-9707.php,19.5:9,97.43,1080x2340,"6.3""",,,,,,,200,
401,Redmi Note 8,https://www.gsmarena.com/xiaomi_redmi_note_8-9814.php,19.5:9,97.43,1080x2340,"6.3""",,,,,,,200,
402,Redmi Note 8 2021,https://www.gsmarena.com/xiaomi_redmi_note_8_2021-10919.php,19.5:9,97.43,1080x2340,"6.3""",,,,,,,200,
403,Redmi Note 8 Pro,https://www.gsmarena.com/xiaomi_redmi_note_8_pro-9812.php,19.5:9,104.67,1080x2340,"6.53""",,,,,,,200,
404,Redmi Note 8T,https://www.gsmarena.com/xiaomi_redmi_note_8t-9946.php,19.5:9,97.43,1080x2340,"6.3""",,,,,,,200,
405,Redmi Note 9,https://www.gsmarena.com/xiaomi_redmi_note_9-10192.php,19.5:9,104.67,1080x2340,"6.53""",,,,,,,200,
406,Redmi Note 9 4G,https://www.gsmarena.com/xiaomi_redmi_note_9_4g-10609.php,19.5:9,104.67,1080x2340,"6.53""",,,,,,,200,
407,Redmi Note 9 5G,https://www.gsmarena.com/xiaomi_redmi_note_9_5g-10581.php,19.5:9,104.67,1080x2340,"6.53""",,,,,,,200,
408,Redmi Note 9 Pro,https://www.gsmarena.com/xiaomi_redmi_note_9_pro-10217.php,20:9,107.41,1080x2400,"6.67""",,,,,,,200,
409,Redmi Note 9 Pro (India),https://www.gsmarena.com/xiaomi_redmi_note_9_pro_(india)-10120.php,20:9,107.41,1080x2400,"6.67""",,,,,,,200,
410,Redmi Note 9 Pro 5G,https://www.gsmarena.com/xiaomi_redmi_note_9_pro_5g-10582.php,20:9,107.41,1080x2400,"6.67""",,,,,,,200,
411,Redmi Note 9 Pro Max,https://www.gsmarena.com/xiaomi_redmi_note_9_pro_max-10126.php,20:9,107.41,1080x2400,"6.67""",,,,,,,200,
412,Redmi Note 9S,https://www.gsmarena.com/xiaomi_redmi_note_9s-10147.php,20:9,107.41,1080x2400,"6.67""",,,,,,,200,
413,Redmi Note 9T,https://www.gsmarena.com/xiaomi_redmi_note_9t-10661.php,19.5:9,104.67,1080x2340,"6.53""",,,,,,,200,
414,Redmi Note Prime,https://www.gsmarena.com/xiaomi_redmi_note_prime-7822.php,16:9,83.39,720x1280,"5.5""",,,,,,,200,
415,Redmi Pro,https://www.gsmarena.com/xiaomi_redmi_pro-8233.php,16:9,83.39,1080x1920,"5.5""",,,,,,,200,
416,Redmi Pro 2,https://www.gsmarena.com/xiaomi_redmi_pro_2-8558.php,19.5:9,100.23,1080x2340,"6.39""",,,,,,,200,
417,Redmi S2 (Redmi Y2),https://www.gsmarena.com/xiaomi_redmi_s2_(redmi_y2)-9185.php,18:9,92.59,720x1440,"5.99""",,,,,,,200,
418,Redmi Turbo 3,https://www.gsmarena.com/xiaomi_redmi_turbo_3-12920.php,20:9,107.41,1220x2712,"6.67""",,,,,,,200,
419,Redmi Turbo 4,https://www.gsmarena.com/xiaomi_redmi_turbo_4-13598.php,20:9,107.41,1220x2712,"6.67""",,,,,,,200,
420,Redmi Turbo 4 Pro,https://www.gsmarena.com/xiaomi_redmi_turbo_4_pro-13617.php,19.5:9,114.51,1280x2772,"6.83""",,,,,,,200,
421,Redmi Y1 (Note 5A),https://www.gsmarena.com/xiaomi_redmi_y1_(note_5a)-8753.php,16:9,83.39,720x1280,"5.5""",,,,,,,200,
422,Redmi Y1 Lite,https://www.gsmarena.com/xiaomi_redmi_y1_lite-8818.php,16:9,83.39,720x1280,"5.5""",,,,,,,200,
423,Redmi Y3,https://www.gsmarena.com/xiaomi_redmi_y3-9674.php,19:9,97.81,720x1520,"6.26""",,,,,,,200,
